<?xml version = '1.0' encoding = 'UTF-8'?>
<FKArc class="oracle.dbtools.crest.model.design.relational.FKArc" directorySegmentName="seg_0" id="6E89253F-AB6F-493A-D08D-C4369CEB3F29" name="FKArc_1">
<createdBy>jirco</createdBy>
<createdTime>2022-12-08 20:54:24 UTC</createdTime>
<ownerDesignName>MODEL 1</ownerDesignName>
<mandatory>false</mandatory>
<reverseArc>true</reverseArc>
<table>A8BE04CC-93FB-AAFC-36A6-73A96948575D</table>
<discriminatorColumn>4957B4EA-A3E2-64A4-80A4-A5CD378671E1</discriminatorColumn>
<fkeys>
<fkeyID>6A503F1A-329D-8348-9ACB-EA5A35C467EE</fkeyID>
<fkeyID>EC809761-06CD-68B6-665A-20341F99FA61</fkeyID>
<fkeyID>DAFB695F-3B5F-F65C-E62B-327564F3D897</fkeyID>
</fkeys>
</FKArc>