<?xml version = '1.0' encoding = 'UTF-8'?>
<FKArc class="oracle.dbtools.crest.model.design.relational.FKArc" directorySegmentName="seg_0" id="C702EA72-6B81-7038-3709-DE8164FF96AD" name="FKArc_2">
<createdBy>jirco</createdBy>
<createdTime>2022-12-08 20:54:24 UTC</createdTime>
<ownerDesignName>MODEL 1</ownerDesignName>
<mandatory>false</mandatory>
<reverseArc>true</reverseArc>
<table>F6F5627A-1EE1-66A0-82FC-243CDB68E4E9</table>
<discriminatorColumn>0EB8B7F9-9E7A-7DAA-31D1-33BF98E9CDFD</discriminatorColumn>
<fkeys>
<fkeyID>A4371B38-7FD6-36C3-9F3C-D8B05B5D802B</fkeyID>
<fkeyID>C17E5939-B869-EDB9-CBD9-8FFF4FCBFF11</fkeyID>
</fkeys>
</FKArc>