<?xml version = '1.0' encoding = 'UTF-8'?>
<Diagram class="oracle.dbtools.crest.swingui.relational.DPVRelational" name="Relational_1" id="F125900B-1D36-9A79-1786-879E52970261">
<createdBy>jirco</createdBy>
<modifiedBy>jirco</modifiedBy>
<createdTime>2022-11-14 21:57:20 UTC</createdTime>
<autoRoute>false</autoRoute>
<boxInbox>true</boxInbox>
<showLegend>false</showLegend>
<showLabels>false</showLabels>
<showRelAttributes>false</showRelAttributes>
<gridEnabled>false</gridEnabled>
<showGrid>false</showGrid>
<diagramColor>-1</diagramColor>
<display>false</display>
<notation>1</notation>
<objectViews>
<OView class="oracle.dbtools.crest.swingui.relational.TVTable" oid="02EB5709-CE2D-6D3F-4C29-0135CCA28405" otype="Table" vid="BBF88DBF-86F5-6D47-ABE2-AFA5A9A0F8F2">
<hideElementsInCurrentOnly>false</hideElementsInCurrentOnly>
<bounds x="141" y="773" width="274" height="137"/>
</OView>
<OView class="oracle.dbtools.crest.swingui.relational.TVTable" oid="04E985C4-BF9C-83AA-90B5-C20A89AC1360" otype="Table" vid="02B3B399-D7FD-EB16-C460-C36A62379B4B">
<hideElementsInCurrentOnly>false</hideElementsInCurrentOnly>
<bounds x="15" y="973" width="323" height="143"/>
</OView>
<OView class="oracle.dbtools.crest.swingui.relational.TVTable" oid="07BA6231-6389-86CA-0AF4-1E59B4B86768" otype="Table" vid="9F3C43AB-EC34-01AF-B267-9FC6171AC31D">
<hideElementsInCurrentOnly>false</hideElementsInCurrentOnly>
<bounds x="816" y="679" width="339" height="221"/>
</OView>
<OView class="oracle.dbtools.crest.swingui.relational.TVTable" oid="08C62321-58E6-871F-ED41-E9F2E93D6201" otype="Table" vid="E86DEB64-A79B-C766-EA6D-C6C7E02F791F">
<hideElementsInCurrentOnly>false</hideElementsInCurrentOnly>
<bounds x="1199" y="906" width="260" height="184"/>
</OView>
<OView class="oracle.dbtools.crest.swingui.relational.TVTable" oid="12645353-AE90-8A49-F8DE-7DDAFAB143AF" otype="Table" vid="FEEE5EDA-588C-A02F-0733-6A38590D44DC">
<hideElementsInCurrentOnly>false</hideElementsInCurrentOnly>
<bounds x="831" y="966" width="206" height="174"/>
</OView>
<OView class="oracle.dbtools.crest.swingui.relational.TVTable" oid="1B0F3281-7963-99DC-9C37-3865AD2E2152" otype="Table" vid="BE8107AE-11E5-D93D-4CCB-A62DAE36F577">
<hideElementsInCurrentOnly>false</hideElementsInCurrentOnly>
<bounds x="909" y="416" width="361" height="160"/>
</OView>
<OView class="oracle.dbtools.crest.swingui.TVNote" oid="238E4857-898C-F0CE-2C9B-A00207126EA5" otype="Note" vid="5D4A0CE9-1C3F-1C5D-55E1-002C3F8DDCC3">
<hideElementsInCurrentOnly>false</hideElementsInCurrentOnly>
<bounds x="1575" y="1347" width="100" height="52"/>
<comment>Jiří Král
st67053@upce.cz
UPCE FEI
</comment>
</OView>
<OView class="oracle.dbtools.crest.swingui.relational.TVTable" oid="295FF1EF-A479-F850-CC3E-356ADD7348BC" otype="Table" vid="4771302C-42C8-FE28-B7E7-73076FE120FB">
<hideElementsInCurrentOnly>false</hideElementsInCurrentOnly>
<bounds x="960" y="1156" width="257" height="143"/>
</OView>
<OView class="oracle.dbtools.crest.swingui.relational.TVTable" oid="3F6B672A-D375-5664-9C36-34B09003ED1A" otype="Table" vid="D989944B-12ED-D3E8-751F-BFE1BCD463C9">
<hideElementsInCurrentOnly>false</hideElementsInCurrentOnly>
<bounds x="1251" y="759" width="371" height="108"/>
</OView>
<OView class="oracle.dbtools.crest.swingui.relational.TVTable" oid="47AE4D37-E7CA-5B0A-596B-E3AAD560911E" otype="Table" vid="60D68135-DDBD-DD9B-17F6-97A8E6D671EF">
<hideElementsInCurrentOnly>false</hideElementsInCurrentOnly>
<bounds x="519" y="1197" width="399" height="123"/>
</OView>
<OView class="oracle.dbtools.crest.swingui.TVNote" oid="47D20616-B2EA-5B82-0D9B-6A64442241F5" otype="Note" vid="557AF54A-4942-C426-5567-0D5A53187065">
<hideElementsInCurrentOnly>false</hideElementsInCurrentOnly>
<bounds x="1159" y="392" width="97" height="22"/>
<comment>spojovací tabulka</comment>
</OView>
<OView class="oracle.dbtools.crest.swingui.relational.TVTable" oid="5D75B442-58CB-3BEB-208E-E08F88D105CE" otype="Table" vid="3B8DD034-336C-B421-B4C0-C3DC129B97D7">
<hideElementsInCurrentOnly>false</hideElementsInCurrentOnly>
<bounds x="267" y="1214" width="185" height="109"/>
</OView>
<OView class="oracle.dbtools.crest.swingui.TVNote" oid="6B241811-CAC1-18C1-97F0-33A4D3632FF9" otype="Note" vid="72EBC2A6-05CF-43A0-079A-559984A906F3">
<hideElementsInCurrentOnly>false</hideElementsInCurrentOnly>
<bounds x="212" y="117" width="71" height="40"/>
<comment>SUBTYPY POJISTKY</comment>
</OView>
<OView class="oracle.dbtools.crest.swingui.TVNote" oid="7D4F0B05-54CB-18A6-5927-5627C3DBA0FF" otype="Note" vid="F4406439-BE7D-D9FF-DDB2-EFEB9405ACFE">
<hideElementsInCurrentOnly>false</hideElementsInCurrentOnly>
<bounds x="139" y="917" width="77" height="40"/>
<comment>SUBTYPY POVINOSTI</comment>
</OView>
<OView class="oracle.dbtools.crest.swingui.TVNote" oid="8191A211-C99C-1237-8E1F-25D39EC29D4D" otype="Note" vid="F993C56F-21DC-DC62-CCE7-2F82D4C77FBF">
<hideElementsInCurrentOnly>false</hideElementsInCurrentOnly>
<bounds x="673" y="1170" width="93" height="23"/>
<comment>spojovací tabulka</comment>
</OView>
<OView class="oracle.dbtools.crest.swingui.relational.TVTable" oid="87FC6E9F-EC1C-D862-F869-F077D399C74C" otype="Table" vid="08E6414E-654E-1B3D-B542-1F31A2C0D2AD">
<hideElementsInCurrentOnly>false</hideElementsInCurrentOnly>
<bounds x="15" y="360" width="584" height="163"/>
</OView>
<OView class="oracle.dbtools.crest.swingui.TVNote" oid="9BF49077-F616-93E6-A2BE-D6697BE4792A" otype="Note" vid="E834ADF2-2B2B-EEF4-C139-9D413C215C06">
<hideElementsInCurrentOnly>false</hideElementsInCurrentOnly>
<bounds x="537" y="599" width="95" height="23"/>
<comment>spojovací tabulka</comment>
</OView>
<OView class="oracle.dbtools.crest.swingui.relational.TVTable" oid="A8BE04CC-93FB-AAFC-36A6-73A96948575D" otype="Table" vid="C98DA55B-F1AE-5840-FEA2-02641D29C221">
<hideElementsInCurrentOnly>false</hideElementsInCurrentOnly>
<bounds x="717" y="37" width="405" height="321"/>
</OView>
<OView class="oracle.dbtools.crest.swingui.relational.TVTable" oid="CA21D351-DD89-B100-5367-3E7F190295D5" otype="Table" vid="D0457A92-27C5-DFA3-8F29-24317557E38F">
<hideElementsInCurrentOnly>false</hideElementsInCurrentOnly>
<bounds x="466" y="875" width="315" height="197"/>
</OView>
<OView class="oracle.dbtools.crest.swingui.relational.TVTable" oid="D2BBB564-EE25-C536-C841-B51D868D9751" otype="Table" vid="A011899A-44A3-535B-AF08-949638315B65">
<hideElementsInCurrentOnly>false</hideElementsInCurrentOnly>
<bounds x="348" y="629" width="413" height="116"/>
</OView>
<OView class="oracle.dbtools.crest.swingui.relational.TVTable" oid="E1C54BB9-7553-E6C5-58D4-EE81DA11C871" otype="Table" vid="AAD93DC9-D02C-C863-0E42-5CBB74366033">
<hideElementsInCurrentOnly>false</hideElementsInCurrentOnly>
<bounds x="295" y="47" width="303" height="150"/>
</OView>
<OView class="oracle.dbtools.crest.swingui.relational.TVTable" oid="E6B5C481-AC5D-6762-2165-6F7194EAD3AC" otype="Table" vid="85CE57B1-15EF-6F48-5F8C-6875AB8BCAF9">
<hideElementsInCurrentOnly>false</hideElementsInCurrentOnly>
<bounds x="0" y="167" width="285" height="93"/>
</OView>
<OView class="oracle.dbtools.crest.swingui.TVNote" oid="E8F82142-85AC-3276-2D69-01B0A9752574" otype="Note" vid="633EFD06-88E6-DA1E-E764-3DAD161BDFAB">
<hideElementsInCurrentOnly>false</hideElementsInCurrentOnly>
<bounds x="1322" y="139" width="272" height="189"/>
<comment>INFORMAČNÍ SYSTÉM POJIŠŤOVNY.


Databáze bude minimálně evidovat pojistky, klienty, pobočky, pojistná plnění, pohledávky a závazky.

Celkový počet tabulek:                  	11
Celkový počet spojových tabulek: 	03
Celkový počet tabulek subtypů:	05
-------------------------------------------------------------------------------------
Celkem vše:			19
-------------------------------------------------------------------------------------</comment>
</OView>
<OView class="oracle.dbtools.crest.swingui.relational.TVTable" oid="ECDA9AC7-286F-2F01-7EC1-356E53344F55" otype="Table" vid="698F8153-7D14-AAB7-F79A-FBBC835E262E">
<hideElementsInCurrentOnly>false</hideElementsInCurrentOnly>
<bounds x="1261" y="1168" width="219" height="98"/>
</OView>
<OView class="oracle.dbtools.crest.swingui.relational.TVTable" oid="F2B105BA-FE65-0959-DC2A-ACC56D0231FC" otype="Table" vid="9A21214A-E9AC-2628-6933-A5026EB0DF49">
<hideElementsInCurrentOnly>false</hideElementsInCurrentOnly>
<bounds x="298" y="200" width="302" height="149"/>
</OView>
<OView class="oracle.dbtools.crest.swingui.relational.TVTable" oid="F6F5627A-1EE1-66A0-82FC-243CDB68E4E9" otype="Table" vid="000F7F34-23F9-973C-A0E6-0203EC7E94AB">
<hideElementsInCurrentOnly>false</hideElementsInCurrentOnly>
<bounds x="83" y="606" width="233" height="123"/>
</OView>
</objectViews>
<connectors>
<Connector class="oracle.dbtools.crest.swingui.relational.TVFKRelation" oid="03C993AF-C5BA-A043-4963-3F9ED7C66B5C" otype="FKIndexAssociation" vid_source="FEEE5EDA-588C-A02F-0733-6A38590D44DC" vid_target="D0457A92-27C5-DFA3-8F29-24317557E38F">
<hideElementsInCurrentOnly>false</hideElementsInCurrentOnly>
<backgroundColor>-16777216</backgroundColor>
<lineWidth>1</lineWidth>
<points>
<point x="869" y="966"/>
<point x="869" y="923"/>
<point x="781" y="923"/>
</points>
</Connector>
<Connector class="oracle.dbtools.crest.swingui.relational.TVFKRelation" oid="1C588C62-E97D-3D56-1AB1-B01CE85A8198" otype="FKIndexAssociation" vid_source="698F8153-7D14-AAB7-F79A-FBBC835E262E" vid_target="FEEE5EDA-588C-A02F-0733-6A38590D44DC">
<hideElementsInCurrentOnly>false</hideElementsInCurrentOnly>
<backgroundColor>-16777216</backgroundColor>
<lineWidth>1</lineWidth>
<points>
<point x="1382" y="1168"/>
<point x="1382" y="1110"/>
<point x="1037" y="1110"/>
</points>
</Connector>
<Connector class="oracle.dbtools.crest.swingui.relational.TVFKRelation" oid="1FBEBF66-0677-BAA6-B953-575F468B8D34" otype="FKIndexAssociation" vid_source="FEEE5EDA-588C-A02F-0733-6A38590D44DC" vid_target="4771302C-42C8-FE28-B7E7-73076FE120FB">
<hideElementsInCurrentOnly>false</hideElementsInCurrentOnly>
<backgroundColor>-16777216</backgroundColor>
<lineWidth>1</lineWidth>
<points>
<point x="859" y="1140"/>
<point x="859" y="1181"/>
<point x="960" y="1181"/>
</points>
</Connector>
<Connector class="oracle.dbtools.crest.swingui.relational.TVFKRelation" oid="45865E28-6460-8EE5-4EEC-2C75EB443842" otype="FKIndexAssociation" vid_source="D989944B-12ED-D3E8-751F-BFE1BCD463C9" vid_target="9F3C43AB-EC34-01AF-B267-9FC6171AC31D">
<hideElementsInCurrentOnly>false</hideElementsInCurrentOnly>
<backgroundColor>-16777216</backgroundColor>
<lineWidth>1</lineWidth>
<points>
<point x="1251" y="813"/>
<point x="1155" y="813"/>
</points>
</Connector>
<Connector class="oracle.dbtools.crest.swingui.relational.TVFKRelation" oid="462057F0-5FAB-37EC-6A21-CF057303110C" otype="FKIndexAssociation" vid_source="C98DA55B-F1AE-5840-FEA2-02641D29C221" vid_target="A011899A-44A3-535B-AF08-949638315B65">
<hideElementsInCurrentOnly>false</hideElementsInCurrentOnly>
<backgroundColor>-16777216</backgroundColor>
<lineWidth>1</lineWidth>
<points>
<point x="848" y="358"/>
<point x="848" y="580"/>
<point x="656" y="581"/>
<point x="656" y="629"/>
</points>
</Connector>
<Connector class="oracle.dbtools.crest.swingui.relational.TVFKRelation" oid="58678D73-60F6-E92B-68E0-0A8CCD09F7BB" otype="FKIndexAssociation" vid_source="D989944B-12ED-D3E8-751F-BFE1BCD463C9" vid_target="E86DEB64-A79B-C766-EA6D-C6C7E02F791F">
<hideElementsInCurrentOnly>false</hideElementsInCurrentOnly>
<backgroundColor>-16777216</backgroundColor>
<lineWidth>1</lineWidth>
<points>
<point x="1531" y="867"/>
<point x="1531" y="1009"/>
<point x="1459" y="1009"/>
</points>
</Connector>
<Connector class="oracle.dbtools.crest.swingui.relational.TVFKRelation" oid="60943AC4-990A-B602-4C99-0BC77BCA2B2D" otype="FKIndexAssociation" vid_source="D0457A92-27C5-DFA3-8F29-24317557E38F" vid_target="60D68135-DDBD-DD9B-17F6-97A8E6D671EF">
<hideElementsInCurrentOnly>false</hideElementsInCurrentOnly>
<backgroundColor>-16777216</backgroundColor>
<lineWidth>1</lineWidth>
<points>
<point x="650" y="1072"/>
<point x="650" y="1197"/>
</points>
</Connector>
<Connector class="oracle.dbtools.crest.swingui.relational.TVFKRelation" oid="692C50F7-54B0-C5C4-08D2-07392A1EBA08" otype="FKIndexAssociation" vid_source="4771302C-42C8-FE28-B7E7-73076FE120FB" vid_target="60D68135-DDBD-DD9B-17F6-97A8E6D671EF">
<hideElementsInCurrentOnly>false</hideElementsInCurrentOnly>
<backgroundColor>-16777216</backgroundColor>
<lineWidth>1</lineWidth>
<points>
<point x="1070" y="1299"/>
<point x="1070" y="1349"/>
<point x="647" y="1349"/>
<point x="647" y="1320"/>
</points>
</Connector>
<Connector class="oracle.dbtools.crest.swingui.relational.TVFKRelation" oid="6A503F1A-329D-8348-9ACB-EA5A35C467EE" otype="FKIndexAssociation" vid_source="C98DA55B-F1AE-5840-FEA2-02641D29C221" vid_target="08E6414E-654E-1B3D-B542-1F31A2C0D2AD">
<hideElementsInCurrentOnly>false</hideElementsInCurrentOnly>
<backgroundColor>-16777216</backgroundColor>
<lineWidth>1</lineWidth>
<points>
<point x="717" y="314"/>
<point x="642" y="314"/>
<point x="642" y="448"/>
<point x="599" y="448"/>
</points>
</Connector>
<Connector class="oracle.dbtools.crest.swingui.relational.TVFKRelation" oid="6BE91D73-9EC9-5D2F-05AA-74D7A08C14ED" otype="FKIndexAssociation" vid_source="9F3C43AB-EC34-01AF-B267-9FC6171AC31D" vid_target="BE8107AE-11E5-D93D-4CCB-A62DAE36F577">
<hideElementsInCurrentOnly>false</hideElementsInCurrentOnly>
<backgroundColor>-16777216</backgroundColor>
<lineWidth>1</lineWidth>
<points>
<point x="1012" y="679"/>
<point x="1012" y="624"/>
<point x="1012" y="576"/>
</points>
</Connector>
<Connector class="oracle.dbtools.crest.swingui.relational.TVFKRelation" oid="72898A7F-861E-13CE-80D6-249B42DAAEF1" otype="FKIndexAssociation" vid_source="D0457A92-27C5-DFA3-8F29-24317557E38F" vid_target="A011899A-44A3-535B-AF08-949638315B65">
<hideElementsInCurrentOnly>false</hideElementsInCurrentOnly>
<backgroundColor>-16777216</backgroundColor>
<lineWidth>1</lineWidth>
<points>
<point x="613" y="875"/>
<point x="613" y="745"/>
</points>
</Connector>
<Connector class="oracle.dbtools.crest.swingui.relational.TVFKRelation" oid="79BBF8E6-3EA0-1F76-4E7B-CF82F2ED4E5E" otype="FKIndexAssociation" vid_source="C98DA55B-F1AE-5840-FEA2-02641D29C221" vid_target="BE8107AE-11E5-D93D-4CCB-A62DAE36F577">
<hideElementsInCurrentOnly>false</hideElementsInCurrentOnly>
<backgroundColor>-16777216</backgroundColor>
<lineWidth>1</lineWidth>
<points>
<point x="1015" y="358"/>
<point x="1015" y="416"/>
</points>
</Connector>
<Connector class="oracle.dbtools.crest.swingui.relational.TVFKRelation" oid="865F67D8-3AB9-68D6-D6C7-592492C0E948" otype="FKIndexAssociation" vid_source="FEEE5EDA-588C-A02F-0733-6A38590D44DC" vid_target="E86DEB64-A79B-C766-EA6D-C6C7E02F791F">
<hideElementsInCurrentOnly>false</hideElementsInCurrentOnly>
<backgroundColor>-16777216</backgroundColor>
<lineWidth>1</lineWidth>
<points>
<point x="1037" y="997"/>
<point x="1197" y="997"/>
<point x="1199" y="997"/>
</points>
</Connector>
<Connector class="oracle.dbtools.crest.swingui.relational.TVFKRelation" oid="93F741C3-01DA-5F58-DD63-13D7E6CAC0F3" otype="FKIndexAssociation" vid_source="000F7F34-23F9-973C-A0E6-0203EC7E94AB" vid_target="C98DA55B-F1AE-5840-FEA2-02641D29C221">
<hideElementsInCurrentOnly>false</hideElementsInCurrentOnly>
<backgroundColor>-16777216</backgroundColor>
<lineWidth>1</lineWidth>
<points>
<point x="201" y="606"/>
<point x="201" y="551"/>
<point x="776" y="551"/>
<point x="776" y="358"/>
</points>
</Connector>
<Connector class="oracle.dbtools.crest.swingui.relational.TVFKRelation" oid="99E5ADD3-C9ED-CE5A-777C-0DC38F5BB24D" otype="FKIndexAssociation" vid_source="3B8DD034-336C-B421-B4C0-C3DC129B97D7" vid_target="D0457A92-27C5-DFA3-8F29-24317557E38F">
<hideElementsInCurrentOnly>false</hideElementsInCurrentOnly>
<backgroundColor>-16777216</backgroundColor>
<lineWidth>1</lineWidth>
<points>
<point x="379" y="1214"/>
<point x="379" y="994"/>
<point x="466" y="994"/>
</points>
</Connector>
<Connector class="oracle.dbtools.crest.swingui.relational.TVFKRelation" oid="A4371B38-7FD6-36C3-9F3C-D8B05B5D802B" otype="FKIndexAssociation" vid_source="000F7F34-23F9-973C-A0E6-0203EC7E94AB" vid_target="02B3B399-D7FD-EB16-C460-C36A62379B4B">
<hideElementsInCurrentOnly>false</hideElementsInCurrentOnly>
<backgroundColor>-16777216</backgroundColor>
<lineWidth>1</lineWidth>
<points>
<point x="105" y="729"/>
<point x="105" y="867"/>
<point x="105" y="973"/>
</points>
</Connector>
<Connector class="oracle.dbtools.crest.swingui.relational.TVFKRelation" oid="A4ED1E17-581A-0026-D07C-259E5A5D930E" otype="FKIndexAssociation" vid_source="E86DEB64-A79B-C766-EA6D-C6C7E02F791F" vid_target="9F3C43AB-EC34-01AF-B267-9FC6171AC31D">
<hideElementsInCurrentOnly>false</hideElementsInCurrentOnly>
<backgroundColor>-16777216</backgroundColor>
<lineWidth>1</lineWidth>
<points>
<point x="1199" y="927"/>
<point x="954" y="927"/>
<point x="954" y="900"/>
</points>
</Connector>
<Connector class="oracle.dbtools.crest.swingui.relational.TVFKRelation" oid="C17E5939-B869-EDB9-CBD9-8FFF4FCBFF11" otype="FKIndexAssociation" vid_source="000F7F34-23F9-973C-A0E6-0203EC7E94AB" vid_target="BBF88DBF-86F5-6D47-ABE2-AFA5A9A0F8F2">
<hideElementsInCurrentOnly>false</hideElementsInCurrentOnly>
<backgroundColor>-16777216</backgroundColor>
<lineWidth>1</lineWidth>
<points>
<point x="228" y="729"/>
<point x="228" y="773"/>
</points>
</Connector>
<Connector class="oracle.dbtools.crest.swingui.relational.TVFKRelation" oid="C9EB5647-895D-D124-0FF9-446333059C86" otype="FKIndexAssociation" vid_source="D989944B-12ED-D3E8-751F-BFE1BCD463C9" vid_target="D0457A92-27C5-DFA3-8F29-24317557E38F">
<hideElementsInCurrentOnly>false</hideElementsInCurrentOnly>
<backgroundColor>-16777216</backgroundColor>
<lineWidth>1</lineWidth>
<points>
<point x="1565" y="867"/>
<point x="1565" y="1377"/>
<point x="490" y="1376"/>
<point x="490" y="1072"/>
</points>
</Connector>
<Connector class="oracle.dbtools.crest.swingui.relational.TVFKRelation" oid="CB5F936B-F9A0-2CB3-EC08-0187CA663028" otype="FKIndexAssociation" vid_source="FEEE5EDA-588C-A02F-0733-6A38590D44DC" vid_target="9F3C43AB-EC34-01AF-B267-9FC6171AC31D">
<hideElementsInCurrentOnly>false</hideElementsInCurrentOnly>
<backgroundColor>-16777216</backgroundColor>
<lineWidth>1</lineWidth>
<points>
<point x="902" y="966"/>
<point x="902" y="923"/>
<point x="902" y="900"/>
</points>
</Connector>
<Connector class="oracle.dbtools.crest.swingui.relational.TVFKRelation" oid="DAFB695F-3B5F-F65C-E62B-327564F3D897" otype="FKIndexAssociation" vid_source="C98DA55B-F1AE-5840-FEA2-02641D29C221" vid_target="AAD93DC9-D02C-C863-0E42-5CBB74366033">
<hideElementsInCurrentOnly>false</hideElementsInCurrentOnly>
<backgroundColor>-16777216</backgroundColor>
<lineWidth>1</lineWidth>
<points>
<point x="717" y="122"/>
<point x="598" y="122"/>
</points>
</Connector>
<Connector class="oracle.dbtools.crest.swingui.relational.TVFKRelation" oid="EC809761-06CD-68B6-665A-20341F99FA61" otype="FKIndexAssociation" vid_source="C98DA55B-F1AE-5840-FEA2-02641D29C221" vid_target="9A21214A-E9AC-2628-6933-A5026EB0DF49">
<hideElementsInCurrentOnly>false</hideElementsInCurrentOnly>
<backgroundColor>-16777216</backgroundColor>
<lineWidth>1</lineWidth>
<points>
<point x="717" y="274"/>
<point x="600" y="274"/>
</points>
</Connector>
<Connector class="oracle.dbtools.crest.swingui.relational.TVFKRelation" oid="FC35D583-AFCC-77A5-D56E-8CF9B2D84ECC" otype="FKIndexAssociation" vid_source="85CE57B1-15EF-6F48-5F8C-6875AB8BCAF9" vid_target="08E6414E-654E-1B3D-B542-1F31A2C0D2AD">
<hideElementsInCurrentOnly>false</hideElementsInCurrentOnly>
<backgroundColor>-16777216</backgroundColor>
<lineWidth>1</lineWidth>
<points>
<point x="150" y="260"/>
<point x="150" y="360"/>
</points>
</Connector>
</connectors>
<arcs>
<Arc class="oracle.dbtools.crest.swingui.relational.TVFKArc" oid="6E89253F-AB6F-493A-D08D-C4369CEB3F29" otype="FKArc" vid="5E4E0321-83FA-8673-B37A-F4D4AFD13BB8">
<hideElementsInCurrentOnly>false</hideElementsInCurrentOnly>
<bounds x="697" y="17" width="445" height="361"/>
</Arc>
<Arc class="oracle.dbtools.crest.swingui.relational.TVFKArc" oid="C702EA72-6B81-7038-3709-DE8164FF96AD" otype="FKArc" vid="BE0C0DC6-5242-53EF-768E-8826995524F1">
<hideElementsInCurrentOnly>false</hideElementsInCurrentOnly>
<bounds x="63" y="586" width="273" height="163"/>
</Arc>
</arcs>
</Diagram>