<?xml version = '1.0' encoding = 'UTF-8'?>
<InheritanceRelation class="oracle.dbtools.crest.model.design.logical.InheritanceRelation" name="Hierarchy_11" directorySegmentName="seg_0" id="EF1CD262-77AE-9A08-EFAD-9105DBA39589">
<createdBy>jirco</createdBy>
<createdTime>2022-11-28 08:13:59 UTC</createdTime>
<ownerDesignName>MODEL 1</ownerDesignName>
<engineerTo>
<item key="B34DE783-BD1F-38DA-CCDC-505220575EB5" value="true"/>
</engineerTo>
<identifying>false</identifying>
<nameOnSource>Super Type</nameOnSource>
<nameOnTarget>Sub Type</nameOnTarget>
<optionalSource>true</optionalSource>
<optionalTarget>true</optionalTarget>
<sourceEntity>D8F6D40F-9C1A-F1A7-F741-E23BAC97EAB5</sourceEntity>
<targetEntity>53A8B0AC-E852-AB8B-4131-928D712DA93A</targetEntity>
<transferable>true</transferable>
<deleteRule>NO ACTION</deleteRule>
</InheritanceRelation>