<?xml version = '1.0' encoding = 'UTF-8'?>
<Relation class="oracle.dbtools.crest.model.design.logical.Relation" name="pojistka_klient" directorySegmentName="seg_0" id="0D7F8BE7-57A3-EE90-B86F-C9EC4705673A">
<createdBy>jirco</createdBy>
<createdTime>2022-11-14 21:24:15 UTC</createdTime>
<ownerDesignName>MODEL 1</ownerDesignName>
<engineerTo>
<item key="B34DE783-BD1F-38DA-CCDC-505220575EB5" value="true"/>
</engineerTo>
<identifying>false</identifying>
<nameOnSource>Je napsána</nameOnSource>
<nameOnTarget>využívá</nameOnTarget>
<optionalSource>false</optionalSource>
<optionalTarget>true</optionalTarget>
<sourceCardinality>*</sourceCardinality>
<sourceEntity>94092531-3BB0-69C3-1C1C-7021D8391F46</sourceEntity>
<targetCardinalityString>*</targetCardinalityString>
<targetEntity>7187D506-B6E2-14E0-3E3D-D2EB19226EB0</targetEntity>
<transferable>true</transferable>
<deleteRule>NO ACTION</deleteRule>
</Relation>