<?xml version = '1.0' encoding = 'UTF-8'?>
<Relation class="oracle.dbtools.crest.model.design.logical.Relation" name="Relation_2" directorySegmentName="seg_0" id="2AEE501C-9647-89C6-67B5-24A395C17635">
<createdBy>jirco</createdBy>
<createdTime>2022-11-14 21:20:54 UTC</createdTime>
<ownerDesignName>MODEL 1</ownerDesignName>
<engineerTo>
<item key="B34DE783-BD1F-38DA-CCDC-505220575EB5" value="true"/>
</engineerTo>
<sourcePk>EA713D94-D817-C68D-EC20-977D02CAAED9</sourcePk>
<targetPk>2DEBAE4F-99AD-95E0-02DC-23C16028C3E6</targetPk>
<identifying>false</identifying>
<nameOnSource>Je vykonávána</nameOnSource>
<nameOnTarget>vykonává</nameOnTarget>
<optionalSource>true</optionalSource>
<optionalTarget>false</optionalTarget>
<sourceCardinality>1</sourceCardinality>
<sourceEntity>821C3B9B-BA5E-2BC3-4FEC-04EE90B3EFAA</sourceEntity>
<targetCardinalityString>*</targetCardinalityString>
<targetEntity>9F411339-8E3F-833D-AB1D-0F8AC4D719F4</targetEntity>
<transferable>true</transferable>
<deleteRule>NO ACTION</deleteRule>
</Relation>