<?xml version = '1.0' encoding = 'UTF-8'?>
<Relation class="oracle.dbtools.crest.model.design.logical.Relation" name="Relation_20" directorySegmentName="seg_0" id="3624E5B7-E247-5523-5B31-08BA98A0AEFB">
<createdBy>jirco</createdBy>
<createdTime>2022-11-21 10:57:29 UTC</createdTime>
<ownerDesignName>MODEL 1</ownerDesignName>
<engineerTo>
<item key="B34DE783-BD1F-38DA-CCDC-505220575EB5" value="true"/>
</engineerTo>
<sourcePk>84237631-FD41-8CAB-F9DE-2BFCEFC5F95E</sourcePk>
<identifying>false</identifying>
<nameOnSource>patří k</nameOnSource>
<nameOnTarget>má</nameOnTarget>
<optionalSource>false</optionalSource>
<optionalTarget>false</optionalTarget>
<sourceCardinality>1</sourceCardinality>
<sourceEntity>D8F6D40F-9C1A-F1A7-F741-E23BAC97EAB5</sourceEntity>
<targetCardinalityString>*</targetCardinalityString>
<targetEntity>94092531-3BB0-69C3-1C1C-7021D8391F46</targetEntity>
<transferable>true</transferable>
<deleteRule>NO ACTION</deleteRule>
</Relation>