<?xml version = '1.0' encoding = 'UTF-8'?>
<Relation class="oracle.dbtools.crest.model.design.logical.Relation" name="Relation_9" directorySegmentName="seg_0" id="3AEEDB86-0F51-7AD5-CE8B-2DF9DB84F7B6">
<createdBy>jirco</createdBy>
<createdTime>2022-11-15 18:55:28 UTC</createdTime>
<ownerDesignName>MODEL 1</ownerDesignName>
<engineerTo>
<item key="B34DE783-BD1F-38DA-CCDC-505220575EB5" value="true"/>
</engineerTo>
<sourcePk>B686F515-72E9-B2C9-414B-22D7C3A687D2</sourcePk>
<targetPk>F2F200A9-C3F1-8CC4-4761-0C8F173583D0</targetPk>
<identifying>false</identifying>
<nameOnSource>se nachází na</nameOnSource>
<nameOnTarget>je přidělena</nameOnTarget>
<optionalSource>true</optionalSource>
<optionalTarget>true</optionalTarget>
<sourceCardinality>*</sourceCardinality>
<sourceEntity>8A8D47A9-DD04-A5BF-8F02-2B0E4892BE1A</sourceEntity>
<targetCardinalityString>1</targetCardinalityString>
<targetEntity>44700ADC-1AD0-42EA-EEA1-B7559FC51890</targetEntity>
<transferable>true</transferable>
<deleteRule>NO ACTION</deleteRule>
</Relation>