<?xml version = '1.0' encoding = 'UTF-8'?>
<Relation class="oracle.dbtools.crest.model.design.logical.Relation" name="zamestnanec_pobocka" directorySegmentName="seg_0" id="3C9AADC7-D4A1-609E-B3E1-76ADFC9A4ABC">
<createdBy>jirco</createdBy>
<createdTime>2022-11-14 21:22:28 UTC</createdTime>
<ownerDesignName>MODEL 1</ownerDesignName>
<engineerTo>
<item key="B34DE783-BD1F-38DA-CCDC-505220575EB5" value="true"/>
</engineerTo>
<identifying>false</identifying>
<nameOnSource>Je součástí</nameOnSource>
<nameOnTarget>Má</nameOnTarget>
<optionalSource>false</optionalSource>
<optionalTarget>true</optionalTarget>
<sourceCardinality>*</sourceCardinality>
<sourceEntity>9F411339-8E3F-833D-AB1D-0F8AC4D719F4</sourceEntity>
<targetCardinalityString>*</targetCardinalityString>
<targetEntity>8A8D47A9-DD04-A5BF-8F02-2B0E4892BE1A</targetEntity>
<transferable>true</transferable>
<deleteRule>NO ACTION</deleteRule>
</Relation>