<?xml version = '1.0' encoding = 'UTF-8'?>
<Relation class="oracle.dbtools.crest.model.design.logical.Relation" name="Relation_27" directorySegmentName="seg_0" id="3E221B13-2BE1-5CE4-9B23-56EF7E438D10">
<createdBy>jirco</createdBy>
<createdTime>2022-11-21 11:05:57 UTC</createdTime>
<ownerDesignName>MODEL 1</ownerDesignName>
<engineerTo>
<item key="B34DE783-BD1F-38DA-CCDC-505220575EB5" value="true"/>
</engineerTo>
<sourcePk>2DEBAE4F-99AD-95E0-02DC-23C16028C3E6</sourcePk>
<targetPk>6036948D-5AF5-1D93-D3F8-BEEA3E037B7D</targetPk>
<identifying>false</identifying>
<nameOnSource>má</nameOnSource>
<nameOnTarget>je přidělen</nameOnTarget>
<optionalSource>true</optionalSource>
<optionalTarget>true</optionalTarget>
<sourceCardinality>*</sourceCardinality>
<sourceEntity>9F411339-8E3F-833D-AB1D-0F8AC4D719F4</sourceEntity>
<targetCardinalityString>1</targetCardinalityString>
<targetEntity>9067F175-9AE3-32E4-44A6-998733BD7DE9</targetEntity>
<transferable>true</transferable>
<deleteRule>NO ACTION</deleteRule>
</Relation>