<?xml version = '1.0' encoding = 'UTF-8'?>
<Relation class="oracle.dbtools.crest.model.design.logical.Relation" name="Relation_24" directorySegmentName="seg_0" id="4546F096-CB7C-D27A-D024-1E130CAB3F6C">
<createdBy>jirco</createdBy>
<createdTime>2022-11-21 11:04:04 UTC</createdTime>
<ownerDesignName>MODEL 1</ownerDesignName>
<engineerTo>
<item key="B34DE783-BD1F-38DA-CCDC-505220575EB5" value="true"/>
</engineerTo>
<sourcePk>0507CFE3-78B4-B56C-BB43-91BD4B0C46C9</sourcePk>
<targetPk>6036948D-5AF5-1D93-D3F8-BEEA3E037B7D</targetPk>
<identifying>false</identifying>
<nameOnSource>má</nameOnSource>
<nameOnTarget>je přidělen</nameOnTarget>
<optionalSource>true</optionalSource>
<optionalTarget>true</optionalTarget>
<sourceCardinality>*</sourceCardinality>
<sourceEntity>7187D506-B6E2-14E0-3E3D-D2EB19226EB0</sourceEntity>
<targetCardinalityString>1</targetCardinalityString>
<targetEntity>9067F175-9AE3-32E4-44A6-998733BD7DE9</targetEntity>
<transferable>true</transferable>
<deleteRule>NO ACTION</deleteRule>
</Relation>