<?xml version = '1.0' encoding = 'UTF-8'?>
<Relation class="oracle.dbtools.crest.model.design.logical.Relation" name="Relation_16" directorySegmentName="seg_0" id="9016EB4D-6B36-5EC4-6583-FFD3D1C771C9">
<createdBy>jirco</createdBy>
<createdTime>2022-12-08 18:13:40 UTC</createdTime>
<ownerDesignName>MODEL 1</ownerDesignName>
<engineerTo>
<item key="B34DE783-BD1F-38DA-CCDC-505220575EB5" value="true"/>
</engineerTo>
<sourcePk>29A1C07A-588D-BC74-8452-15FC281A4F4C</sourcePk>
<identifying>false</identifying>
<nameOnSource>je</nameOnSource>
<nameOnTarget>má</nameOnTarget>
<optionalSource>true</optionalSource>
<optionalTarget>true</optionalTarget>
<sourceCardinality>1</sourceCardinality>
<sourceEntity>BDF24BC1-A161-8CE4-3889-5C56A8D20EF9</sourceEntity>
<targetCardinalityString>*</targetCardinalityString>
<targetEntity>F0EBD30A-939F-71D3-9D21-C3BC6787B4F3</targetEntity>
<transferable>true</transferable>
<deleteRule>NO ACTION</deleteRule>
</Relation>