<?xml version = '1.0' encoding = 'UTF-8'?>
<Relation class="oracle.dbtools.crest.model.design.logical.Relation" name="Relation_19" directorySegmentName="seg_0" id="AE8D8ECD-9EFA-2789-35F2-9114CE365F3C">
<createdBy>jirco</createdBy>
<createdTime>2022-11-21 10:54:55 UTC</createdTime>
<ownerDesignName>MODEL 1</ownerDesignName>
<engineerTo>
<item key="B34DE783-BD1F-38DA-CCDC-505220575EB5" value="true"/>
</engineerTo>
<sourcePk>F2F200A9-C3F1-8CC4-4761-0C8F173583D0</sourcePk>
<identifying>false</identifying>
<nameOnSource>bydlí</nameOnSource>
<nameOnTarget>je bydlištěm</nameOnTarget>
<optionalSource>true</optionalSource>
<optionalTarget>true</optionalTarget>
<sourceCardinality>1</sourceCardinality>
<sourceEntity>44700ADC-1AD0-42EA-EEA1-B7559FC51890</sourceEntity>
<targetCardinalityString>*</targetCardinalityString>
<targetEntity>7187D506-B6E2-14E0-3E3D-D2EB19226EB0</targetEntity>
<transferable>true</transferable>
<deleteRule>NO ACTION</deleteRule>
</Relation>