<?xml version = '1.0' encoding = 'UTF-8'?>
<Relation class="oracle.dbtools.crest.model.design.logical.Relation" name="Relation_5" directorySegmentName="seg_0" id="BBCC88C6-C94B-75F5-783D-490A7F70213E">
<createdBy>jirco</createdBy>
<createdTime>2022-11-14 21:25:00 UTC</createdTime>
<ownerDesignName>MODEL 1</ownerDesignName>
<engineerTo>
<item key="B34DE783-BD1F-38DA-CCDC-505220575EB5" value="true"/>
</engineerTo>
<sourcePk>0507CFE3-78B4-B56C-BB43-91BD4B0C46C9</sourcePk>
<targetPk>DB6F0DC7-55FB-37C1-4C45-0A92E62490D2</targetPk>
<identifying>false</identifying>
<nameOnSource>účtuje</nameOnSource>
<nameOnTarget>vede</nameOnTarget>
<optionalSource>true</optionalSource>
<optionalTarget>true</optionalTarget>
<sourceCardinality>1</sourceCardinality>
<sourceEntity>7187D506-B6E2-14E0-3E3D-D2EB19226EB0</sourceEntity>
<targetCardinalityString>*</targetCardinalityString>
<targetEntity>C30846EF-712C-C6EE-F97B-8E612B02AE65</targetEntity>
<transferable>true</transferable>
<deleteRule>NO ACTION</deleteRule>
</Relation>