<?xml version = '1.0' encoding = 'UTF-8'?>
<Relation class="oracle.dbtools.crest.model.design.logical.Relation" name="Relation_18" directorySegmentName="seg_0" id="C0A8E9B7-FF83-9877-0C64-AE93EABAD649">
<createdBy>jirco</createdBy>
<createdTime>2022-11-21 10:54:17 UTC</createdTime>
<ownerDesignName>MODEL 1</ownerDesignName>
<engineerTo>
<item key="B34DE783-BD1F-38DA-CCDC-505220575EB5" value="true"/>
</engineerTo>
<sourcePk>2DEBAE4F-99AD-95E0-02DC-23C16028C3E6</sourcePk>
<targetPk>F2F200A9-C3F1-8CC4-4761-0C8F173583D0</targetPk>
<identifying>false</identifying>
<nameOnSource>bydlí</nameOnSource>
<nameOnTarget>je bydlištěm</nameOnTarget>
<optionalSource>true</optionalSource>
<optionalTarget>true</optionalTarget>
<sourceCardinality>*</sourceCardinality>
<sourceEntity>9F411339-8E3F-833D-AB1D-0F8AC4D719F4</sourceEntity>
<targetCardinalityString>1</targetCardinalityString>
<targetEntity>44700ADC-1AD0-42EA-EEA1-B7559FC51890</targetEntity>
<transferable>true</transferable>
<deleteRule>NO ACTION</deleteRule>
</Relation>