<?xml version = '1.0' encoding = 'UTF-8'?>
<Relation class="oracle.dbtools.crest.model.design.logical.Relation" name="Relation_23" directorySegmentName="seg_0" id="C4F5DBBC-EE8F-62AE-5678-E37A71084898">
<createdBy>jirco</createdBy>
<createdTime>2022-11-21 11:01:01 UTC</createdTime>
<ownerDesignName>MODEL 1</ownerDesignName>
<engineerTo>
<item key="B34DE783-BD1F-38DA-CCDC-505220575EB5" value="true"/>
</engineerTo>
<sourcePk>F2F200A9-C3F1-8CC4-4761-0C8F173583D0</sourcePk>
<identifying>false</identifying>
<nameOnSource>je přidělena</nameOnSource>
<nameOnTarget>nachází se na</nameOnTarget>
<optionalSource>true</optionalSource>
<optionalTarget>false</optionalTarget>
<sourceCardinality>1</sourceCardinality>
<sourceEntity>44700ADC-1AD0-42EA-EEA1-B7559FC51890</sourceEntity>
<targetCardinalityString>*</targetCardinalityString>
<targetEntity>C30846EF-712C-C6EE-F97B-8E612B02AE65</targetEntity>
<transferable>true</transferable>
<deleteRule>NO ACTION</deleteRule>
</Relation>