<?xml version = '1.0' encoding = 'UTF-8'?>
<Relation class="oracle.dbtools.crest.model.design.logical.Relation" name="Relation_17" directorySegmentName="seg_0" id="D405EAFA-2B8E-E0A5-7876-4BF1B122E0D2">
<createdBy>jirco</createdBy>
<createdTime>2022-12-08 18:16:44 UTC</createdTime>
<ownerDesignName>MODEL 1</ownerDesignName>
<engineerTo>
<item key="B34DE783-BD1F-38DA-CCDC-505220575EB5" value="true"/>
</engineerTo>
<sourcePk>F2F200A9-C3F1-8CC4-4761-0C8F173583D0</sourcePk>
<targetPk>117F9664-9687-E71A-CA34-470BC104EE09</targetPk>
<identifying>false</identifying>
<nameOnSource>je</nameOnSource>
<nameOnTarget>má</nameOnTarget>
<optionalSource>true</optionalSource>
<optionalTarget>true</optionalTarget>
<sourceCardinality>*</sourceCardinality>
<sourceEntity>44700ADC-1AD0-42EA-EEA1-B7559FC51890</sourceEntity>
<targetCardinalityString>1</targetCardinalityString>
<targetEntity>0D34DAC4-F510-6BF7-CDD2-6693ECFF0644</targetEntity>
<transferable>true</transferable>
<deleteRule>NO ACTION</deleteRule>
</Relation>