<?xml version = '1.0' encoding = 'UTF-8'?>
<Relation class="oracle.dbtools.crest.model.design.logical.Relation" name="zamestnanec_pojistka" directorySegmentName="seg_0" id="D5A3277F-BCC6-4605-C6C7-FAD9BA0EAB6B">
<createdBy>jirco</createdBy>
<createdTime>2022-11-14 21:20:13 UTC</createdTime>
<ownerDesignName>MODEL 1</ownerDesignName>
<engineerTo>
<item key="B34DE783-BD1F-38DA-CCDC-505220575EB5" value="true"/>
</engineerTo>
<identifying>false</identifying>
<nameOnSource>zřizuje</nameOnSource>
<nameOnTarget>je zřizována</nameOnTarget>
<optionalSource>true</optionalSource>
<optionalTarget>false</optionalTarget>
<sourceCardinality>*</sourceCardinality>
<sourceEntity>9F411339-8E3F-833D-AB1D-0F8AC4D719F4</sourceEntity>
<targetCardinalityString>*</targetCardinalityString>
<targetEntity>94092531-3BB0-69C3-1C1C-7021D8391F46</targetEntity>
<transferable>true</transferable>
<deleteRule>NO ACTION</deleteRule>
</Relation>