<?xml version = '1.0' encoding = 'UTF-8'?>
<Relation class="oracle.dbtools.crest.model.design.logical.Relation" name="Relation_26" directorySegmentName="seg_0" id="EBD1D455-7B0A-84DF-A20A-2F501CFAB18F">
<createdBy>jirco</createdBy>
<createdTime>2022-11-21 11:04:30 UTC</createdTime>
<ownerDesignName>MODEL 1</ownerDesignName>
<engineerTo>
<item key="B34DE783-BD1F-38DA-CCDC-505220575EB5" value="true"/>
</engineerTo>
<sourcePk>6036948D-5AF5-1D93-D3F8-BEEA3E037B7D</sourcePk>
<targetPk>DB6F0DC7-55FB-37C1-4C45-0A92E62490D2</targetPk>
<identifying>false</identifying>
<nameOnSource>má</nameOnSource>
<nameOnTarget>má</nameOnTarget>
<optionalSource>true</optionalSource>
<optionalTarget>true</optionalTarget>
<sourceCardinality>1</sourceCardinality>
<sourceEntity>9067F175-9AE3-32E4-44A6-998733BD7DE9</sourceEntity>
<targetCardinalityString>*</targetCardinalityString>
<targetEntity>C30846EF-712C-C6EE-F97B-8E612B02AE65</targetEntity>
<transferable>true</transferable>
<deleteRule>NO ACTION</deleteRule>
</Relation>