<?xml version = '1.0' encoding = 'UTF-8'?>
<Table class="oracle.dbtools.crest.model.design.relational.Table" directorySegmentName="seg_0" id="02EB5709-CE2D-6D3F-4C29-0135CCA28405" name="ZAVAZEK">
<createdBy>jirco</createdBy>
<createdTime>2022-12-08 20:54:24 UTC</createdTime>
<generatorID>53A8B0AC-E852-AB8B-4131-928D712DA93A</generatorID>
<ownerDesignName>MODEL 1</ownerDesignName>
<abbreviation>ZAV</abbreviation>
<allowColumnReorder>false</allowColumnReorder>
<existDependencyGenerateInDDl>true</existDependencyGenerateInDDl>
<parsed>true</parsed>
<columns itemClass="oracle.dbtools.crest.model.design.relational.Column">
<Column name="ID_POV_povinosti" id="6563DCBB-11EA-56AC-A2F5-6E6DF6802EB8">
<createdBy>jirco</createdBy>
<createdTime>2022-12-08 20:54:24 UTC</createdTime>
<generatorID>CE77FBDC-4961-F72F-6882-1C9B521C9122</generatorID>
<ownerDesignName>MODEL 1</ownerDesignName>
<useDomainConstraints>false</useDomainConstraints>
<use>1</use>
<logicalDatatype>LOGDT019</logicalDatatype>
<ownDataTypeParameters>,,</ownDataTypeParameters>
<autoIncrementCycle>false</autoIncrementCycle>
<associations>
<colAssociation fkAssociation="C17E5939-B869-EDB9-CBD9-8FFF4FCBFF11" referredColumn="4F7AA134-1242-A204-321E-010C27B134AD"/>
</associations>
</Column>
<Column name="ZAV_ID_zavazek" id="FACC6EA5-F901-1DD2-B753-8AC5828F7E6A">
<createdBy>jirco</createdBy>
<createdTime>2022-12-08 20:54:24 UTC</createdTime>
<generatorID>43B82C14-27B0-16B1-E36A-6B4267ABAFE0</generatorID>
<ownerDesignName>MODEL 1</ownerDesignName>
<useDomainConstraints>false</useDomainConstraints>
<use>1</use>
<logicalDatatype>LOGDT019</logicalDatatype>
<ownDataTypeParameters>,,</ownDataTypeParameters>
<autoIncrementCycle>false</autoIncrementCycle>
</Column>
<Column name="ZAV_popis" id="3D6C18DD-1875-9ECA-68D8-7C1AD25E523C">
<createdBy>jirco</createdBy>
<createdTime>2022-12-08 20:54:24 UTC</createdTime>
<generatorID>9A53CA08-E321-9D8B-778E-48340A993C04</generatorID>
<ownerDesignName>MODEL 1</ownerDesignName>
<useDomainConstraints>false</useDomainConstraints>
<use>1</use>
<logicalDatatype>LOGDT024</logicalDatatype>
<dataTypeSize>255</dataTypeSize>
<ownDataTypeParameters>255,,</ownDataTypeParameters>
<autoIncrementCycle>false</autoIncrementCycle>
</Column>
</columns>
<indexes itemClass="oracle.dbtools.crest.model.design.relational.Index">
<ind_PK_UK id="AFDF975A-F090-A08B-37FD-10CAFA7BA6BA" name="ZAVAZEK_PK">
<createdBy>jirco</createdBy>
<createdTime>2022-12-08 20:54:24 UTC</createdTime>
<generatorID>84237631-FD41-8CAB-F9DE-2BFCEFC5F95E</generatorID>
<ownerDesignName>MODEL 1</ownerDesignName>
<pk>true</pk>
<indexState>Primary Constraint</indexState>
<isSurrogateKey>false</isSurrogateKey>
<indexColumnUsage>
<colUsage columnID="6563DCBB-11EA-56AC-A2F5-6E6DF6802EB8"/>
</indexColumnUsage>
</ind_PK_UK>
<ind_PK_UK id="07159C4C-F9C7-3941-24B6-129CE3BCB9F1" name="ZAVAZEK_PKv1">
<createdBy>jirco</createdBy>
<createdTime>2022-12-08 20:54:24 UTC</createdTime>
<generatorID>AB422B6E-0467-91D3-924B-60F6EABC38FC</generatorID>
<ownerDesignName>MODEL 1</ownerDesignName>
<indexState>Unique Constraint</indexState>
<isSurrogateKey>false</isSurrogateKey>
<indexColumnUsage>
<colUsage columnID="FACC6EA5-F901-1DD2-B753-8AC5828F7E6A"/>
</indexColumnUsage>
</ind_PK_UK>
<ind_PK_UK id="07F7FEB1-FBA5-3B8B-8DED-1BBA9EEE0BCC" name="ZAV_POVINOSTI_FK">
<createdBy>jirco</createdBy>
<createdTime>2022-12-08 20:54:24 UTC</createdTime>
<generatorID>EF1CD262-77AE-9A08-EFAD-9105DBA39589</generatorID>
<ownerDesignName>MODEL 1</ownerDesignName>
<indexState>Foreign Key</indexState>
<isSurrogateKey>false</isSurrogateKey>
<indexColumnUsage>
<colUsage columnID="6563DCBB-11EA-56AC-A2F5-6E6DF6802EB8"/>
</indexColumnUsage>
</ind_PK_UK>
</indexes>
</Table>