<?xml version = '1.0' encoding = 'UTF-8'?>
<Table class="oracle.dbtools.crest.model.design.relational.Table" directorySegmentName="seg_0" id="04E985C4-BF9C-83AA-90B5-C20A89AC1360" name="POHLEDAVKA">
<createdBy>jirco</createdBy>
<createdTime>2022-12-08 20:54:24 UTC</createdTime>
<generatorID>54FB56C9-8023-2CCD-EE43-6ACF2FF19E1A</generatorID>
<ownerDesignName>MODEL 1</ownerDesignName>
<abbreviation>POH</abbreviation>
<allowColumnReorder>false</allowColumnReorder>
<existDependencyGenerateInDDl>true</existDependencyGenerateInDDl>
<parsed>true</parsed>
<columns itemClass="oracle.dbtools.crest.model.design.relational.Column">
<Column name="ID_POV_povinosti" id="45734C2A-434D-5195-A47D-4DE3CB2B92C7">
<createdBy>jirco</createdBy>
<createdTime>2022-12-08 20:54:24 UTC</createdTime>
<generatorID>CE77FBDC-4961-F72F-6882-1C9B521C9122</generatorID>
<ownerDesignName>MODEL 1</ownerDesignName>
<useDomainConstraints>false</useDomainConstraints>
<use>1</use>
<logicalDatatype>LOGDT019</logicalDatatype>
<ownDataTypeParameters>,,</ownDataTypeParameters>
<autoIncrementCycle>false</autoIncrementCycle>
<associations>
<colAssociation fkAssociation="A4371B38-7FD6-36C3-9F3C-D8B05B5D802B" referredColumn="4F7AA134-1242-A204-321E-010C27B134AD"/>
</associations>
</Column>
<Column name="POH_ID_pohledavka" id="C1677FBE-4EDF-822E-62D5-CF0AE79C7CBE">
<createdBy>jirco</createdBy>
<createdTime>2022-12-08 20:54:24 UTC</createdTime>
<generatorID>8D659252-2A4B-E60C-7CA1-1F8236724DA9</generatorID>
<ownerDesignName>MODEL 1</ownerDesignName>
<useDomainConstraints>false</useDomainConstraints>
<use>1</use>
<logicalDatatype>LOGDT019</logicalDatatype>
<ownDataTypeParameters>,,</ownDataTypeParameters>
<autoIncrementCycle>false</autoIncrementCycle>
</Column>
<Column name="POH_popis" id="94236A9C-686B-782B-8C2C-FCE29278175E">
<createdBy>jirco</createdBy>
<createdTime>2022-12-08 20:54:24 UTC</createdTime>
<generatorID>2EA8F5E6-0B60-86CD-22BD-4C729A0DAC4F</generatorID>
<ownerDesignName>MODEL 1</ownerDesignName>
<nullsAllowed>true</nullsAllowed>
<useDomainConstraints>false</useDomainConstraints>
<use>1</use>
<logicalDatatype>LOGDT024</logicalDatatype>
<dataTypeSize>255</dataTypeSize>
<ownDataTypeParameters>255,,</ownDataTypeParameters>
<autoIncrementCycle>false</autoIncrementCycle>
</Column>
</columns>
<indexes itemClass="oracle.dbtools.crest.model.design.relational.Index">
<ind_PK_UK id="680A08EC-5C72-64FF-9EA0-99D9167EC235" name="POHLEDAVKA_PK">
<createdBy>jirco</createdBy>
<createdTime>2022-12-08 20:54:24 UTC</createdTime>
<generatorID>84237631-FD41-8CAB-F9DE-2BFCEFC5F95E</generatorID>
<ownerDesignName>MODEL 1</ownerDesignName>
<pk>true</pk>
<indexState>Primary Constraint</indexState>
<isSurrogateKey>false</isSurrogateKey>
<indexColumnUsage>
<colUsage columnID="45734C2A-434D-5195-A47D-4DE3CB2B92C7"/>
</indexColumnUsage>
</ind_PK_UK>
<ind_PK_UK id="5AB6C0AF-EF93-C43F-0DDE-CE10FB1D65C8" name="POHLEDAVKA_PKv1">
<createdBy>jirco</createdBy>
<createdTime>2022-12-08 20:54:24 UTC</createdTime>
<generatorID>29F727F0-4C9C-1AE4-9BFE-35B1A9ECDCB0</generatorID>
<ownerDesignName>MODEL 1</ownerDesignName>
<indexState>Unique Constraint</indexState>
<isSurrogateKey>false</isSurrogateKey>
<indexColumnUsage>
<colUsage columnID="C1677FBE-4EDF-822E-62D5-CF0AE79C7CBE"/>
</indexColumnUsage>
</ind_PK_UK>
<ind_PK_UK id="1F84D332-C4F3-6D41-32D8-80823AEFD0AB" name="POH_POVINOSTI_FK">
<createdBy>jirco</createdBy>
<createdTime>2022-12-08 20:54:24 UTC</createdTime>
<generatorID>3A447B73-BF0D-D3CF-9334-F9E737B9DB1C</generatorID>
<ownerDesignName>MODEL 1</ownerDesignName>
<indexState>Foreign Key</indexState>
<isSurrogateKey>false</isSurrogateKey>
<indexColumnUsage>
<colUsage columnID="45734C2A-434D-5195-A47D-4DE3CB2B92C7"/>
</indexColumnUsage>
</ind_PK_UK>
</indexes>
</Table>