<?xml version = '1.0' encoding = 'UTF-8'?>
<Table class="oracle.dbtools.crest.model.design.relational.Table" directorySegmentName="seg_0" id="07BA6231-6389-86CA-0AF4-1E59B4B86768" name="KLIENT">
<createdBy>jirco</createdBy>
<createdTime>2022-12-08 20:54:24 UTC</createdTime>
<generatorID>7187D506-B6E2-14E0-3E3D-D2EB19226EB0</generatorID>
<ownerDesignName>MODEL 1</ownerDesignName>
<abbreviation>KLI</abbreviation>
<allowColumnReorder>false</allowColumnReorder>
<existDependencyGenerateInDDl>true</existDependencyGenerateInDDl>
<parsed>true</parsed>
<columns itemClass="oracle.dbtools.crest.model.design.relational.Column">
<Column name="ID_klient" id="3BD0FB7A-E50A-3172-FAD3-7859F19FE924">
<createdBy>jirco</createdBy>
<createdTime>2022-12-08 20:54:24 UTC</createdTime>
<generatorID>47DB746A-892E-DF1B-B43F-8A3DA903DB54</generatorID>
<ownerDesignName>MODEL 1</ownerDesignName>
<useDomainConstraints>false</useDomainConstraints>
<use>1</use>
<logicalDatatype>LOGDT019</logicalDatatype>
<ownDataTypeParameters>,,</ownDataTypeParameters>
<autoIncrementCycle>false</autoIncrementCycle>
</Column>
<Column name="jmeno" id="8411F9BD-D689-DA7B-5913-8EF74C1D9FD8">
<createdBy>jirco</createdBy>
<createdTime>2022-12-08 20:54:24 UTC</createdTime>
<generatorID>9BF8780E-764F-DA46-F8FA-22980BDC94CD</generatorID>
<ownerDesignName>MODEL 1</ownerDesignName>
<useDomainConstraints>false</useDomainConstraints>
<use>1</use>
<logicalDatatype>LOGDT024</logicalDatatype>
<dataTypeSize>32</dataTypeSize>
<ownDataTypeParameters>32,,</ownDataTypeParameters>
<autoIncrementCycle>false</autoIncrementCycle>
</Column>
<Column name="druhe_jmeno" id="1C71A794-13E2-2DA5-DD23-3351609C5619">
<createdBy>jirco</createdBy>
<createdTime>2022-12-08 20:54:24 UTC</createdTime>
<generatorID>ABD564D7-DFFC-5135-C6CB-D7F78FF73193</generatorID>
<ownerDesignName>MODEL 1</ownerDesignName>
<nullsAllowed>true</nullsAllowed>
<useDomainConstraints>false</useDomainConstraints>
<use>1</use>
<logicalDatatype>LOGDT024</logicalDatatype>
<dataTypeSize>32</dataTypeSize>
<ownDataTypeParameters>32,,</ownDataTypeParameters>
<autoIncrementCycle>false</autoIncrementCycle>
</Column>
<Column name="prijmeni" id="A9649F2E-C56D-97E6-2F9B-B147AFF3F90A">
<createdBy>jirco</createdBy>
<createdTime>2022-12-08 20:54:24 UTC</createdTime>
<generatorID>AFD9F9C7-C793-9804-6F27-CA0FD56CF3EB</generatorID>
<ownerDesignName>MODEL 1</ownerDesignName>
<useDomainConstraints>false</useDomainConstraints>
<use>1</use>
<logicalDatatype>LOGDT024</logicalDatatype>
<dataTypeSize>32</dataTypeSize>
<ownDataTypeParameters>32,,</ownDataTypeParameters>
<autoIncrementCycle>false</autoIncrementCycle>
</Column>
<Column name="datum_narozeni" id="5295849D-453B-98C3-744D-0600B67967D5">
<createdBy>jirco</createdBy>
<createdTime>2022-12-08 20:54:24 UTC</createdTime>
<generatorID>FDCB8D75-C74B-F23D-3799-AE270D1A819B</generatorID>
<ownerDesignName>MODEL 1</ownerDesignName>
<useDomainConstraints>false</useDomainConstraints>
<use>1</use>
<logicalDatatype>LOGDT007</logicalDatatype>
<ownDataTypeParameters>,,</ownDataTypeParameters>
<autoIncrementCycle>false</autoIncrementCycle>
</Column>
<Column name="prijem" id="48F7A020-1691-CECD-806F-DC8C877A159C">
<createdBy>jirco</createdBy>
<createdTime>2022-12-08 20:54:24 UTC</createdTime>
<generatorID>BB9CE5FD-2F53-7E5C-3F34-89174E3CB597</generatorID>
<ownerDesignName>MODEL 1</ownerDesignName>
<useDomainConstraints>false</useDomainConstraints>
<use>1</use>
<logicalDatatype>LOGDT019</logicalDatatype>
<ownDataTypeParameters>,,</ownDataTypeParameters>
<autoIncrementCycle>false</autoIncrementCycle>
</Column>
<Column name="ADRESA_ID_adresa" id="7311FC8F-5030-BBCC-ACF3-ED2851F468BE">
<createdBy>jirco</createdBy>
<createdTime>2022-12-08 20:54:24 UTC</createdTime>
<generatorID>DD5750E0-9F76-0160-16DC-2FCEF9F1087B</generatorID>
<ownerDesignName>MODEL 1</ownerDesignName>
<nullsAllowed>true</nullsAllowed>
<useDomainConstraints>false</useDomainConstraints>
<use>1</use>
<logicalDatatype>LOGDT019</logicalDatatype>
<ownDataTypeParameters>,,</ownDataTypeParameters>
<previousColumn>false</previousColumn>
<autoIncrementCycle>false</autoIncrementCycle>
<associations>
<colAssociation fkAssociation="CB5F936B-F9A0-2CB3-EC08-0187CA663028" referredColumn="F6F63689-00A2-84A9-93DC-E5AE2ABDE5F7"/>
</associations>
</Column>
<Column name="KONTAKT_ID_kontakt" id="9C0A8ACB-4D97-8A59-BFD1-62942392CEA7">
<createdBy>jirco</createdBy>
<createdTime>2022-12-08 20:54:24 UTC</createdTime>
<generatorID>BA6E2AB1-5E9A-6D28-27B8-7010470BEC30</generatorID>
<ownerDesignName>MODEL 1</ownerDesignName>
<nullsAllowed>true</nullsAllowed>
<useDomainConstraints>false</useDomainConstraints>
<use>1</use>
<logicalDatatype>LOGDT019</logicalDatatype>
<ownDataTypeParameters>,,</ownDataTypeParameters>
<previousColumn>false</previousColumn>
<autoIncrementCycle>false</autoIncrementCycle>
<associations>
<colAssociation fkAssociation="45865E28-6460-8EE5-4EEC-2C75EB443842" referredColumn="E0C3EEB3-C228-EF40-1288-E191D83EF12C"/>
</associations>
</Column>
<Column name="BANKA_ID_banka" id="6B34D55B-DB56-5A7E-C26F-61287732E76C">
<createdBy>jirco</createdBy>
<createdTime>2022-12-09 03:03:58 UTC</createdTime>
<ownerDesignName>MODEL 1</ownerDesignName>
<nullsAllowed>true</nullsAllowed>
<useDomainConstraints>false</useDomainConstraints>
<use>1</use>
<logicalDatatype>LOGDT019</logicalDatatype>
<ownDataTypeParameters>,,</ownDataTypeParameters>
<previousColumn>false</previousColumn>
<autoIncrementCycle>false</autoIncrementCycle>
<associations>
<colAssociation fkAssociation="A4ED1E17-581A-0026-D07C-259E5A5D930E" referredColumn="9F5F6F10-36E9-DADF-E545-6CD210E62DC4"/>
</associations>
</Column>
</columns>
<indexes itemClass="oracle.dbtools.crest.model.design.relational.Index">
<ind_PK_UK id="E9A842C2-84A3-8ABC-3FD3-3BAAF9341FCF" name="KLIENT_PK">
<createdBy>jirco</createdBy>
<createdTime>2022-12-08 20:54:24 UTC</createdTime>
<generatorID>0507CFE3-78B4-B56C-BB43-91BD4B0C46C9</generatorID>
<ownerDesignName>MODEL 1</ownerDesignName>
<pk>true</pk>
<indexState>Primary Constraint</indexState>
<isSurrogateKey>false</isSurrogateKey>
<indexColumnUsage>
<colUsage columnID="3BD0FB7A-E50A-3172-FAD3-7859F19FE924"/>
</indexColumnUsage>
</ind_PK_UK>
<ind_PK_UK id="BEEA4215-830F-D446-0767-F10E4C60397C" name="KLI_ADRESA_FK">
<createdBy>jirco</createdBy>
<createdTime>2022-12-08 20:54:24 UTC</createdTime>
<generatorID>AE8D8ECD-9EFA-2789-35F2-9114CE365F3C</generatorID>
<ownerDesignName>MODEL 1</ownerDesignName>
<indexState>Foreign Key</indexState>
<isSurrogateKey>false</isSurrogateKey>
<indexColumnUsage>
<colUsage columnID="7311FC8F-5030-BBCC-ACF3-ED2851F468BE"/>
</indexColumnUsage>
</ind_PK_UK>
<ind_PK_UK id="2A038B60-7069-7258-1BE1-48B3452384B2" name="KLI_KONTAKT_FK">
<createdBy>jirco</createdBy>
<createdTime>2022-12-08 20:54:24 UTC</createdTime>
<generatorID>4546F096-CB7C-D27A-D024-1E130CAB3F6C</generatorID>
<ownerDesignName>MODEL 1</ownerDesignName>
<indexState>Foreign Key</indexState>
<isSurrogateKey>false</isSurrogateKey>
<indexColumnUsage>
<colUsage columnID="9C0A8ACB-4D97-8A59-BFD1-62942392CEA7"/>
</indexColumnUsage>
</ind_PK_UK>
<ind_PK_UK id="39FF6554-D5A3-BD05-3CDF-B57C765B12BD" name="KLI_BANKA_FK">
<createdBy>jirco</createdBy>
<createdTime>2022-12-09 03:03:58 UTC</createdTime>
<generatorID>DB6F0DC7-55FB-37C1-4C45-0A92E62490D2</generatorID>
<ownerDesignName>MODEL 1</ownerDesignName>
<indexState>Foreign Key</indexState>
<isSurrogateKey>false</isSurrogateKey>
<indexColumnUsage>
<colUsage columnID="6B34D55B-DB56-5A7E-C26F-61287732E76C"/>
</indexColumnUsage>
</ind_PK_UK>
</indexes>
</Table>