<?xml version = '1.0' encoding = 'UTF-8'?>
<Table class="oracle.dbtools.crest.model.design.relational.Table" directorySegmentName="seg_0" id="08C62321-58E6-871F-ED41-E9F2E93D6201" name="BANKA">
<createdBy>jirco</createdBy>
<createdTime>2022-12-08 20:54:24 UTC</createdTime>
<generatorID>C30846EF-712C-C6EE-F97B-8E612B02AE65</generatorID>
<ownerDesignName>MODEL 1</ownerDesignName>
<abbreviation>BNK</abbreviation>
<allowColumnReorder>false</allowColumnReorder>
<existDependencyGenerateInDDl>true</existDependencyGenerateInDDl>
<parsed>true</parsed>
<columns itemClass="oracle.dbtools.crest.model.design.relational.Column">
<Column name="ID_banka" id="9F5F6F10-36E9-DADF-E545-6CD210E62DC4">
<createdBy>jirco</createdBy>
<createdTime>2022-12-08 20:54:24 UTC</createdTime>
<generatorID>8A9887F5-2351-6A53-4F0C-B3747FA3F517</generatorID>
<ownerDesignName>MODEL 1</ownerDesignName>
<useDomainConstraints>false</useDomainConstraints>
<use>1</use>
<logicalDatatype>LOGDT019</logicalDatatype>
<ownDataTypeParameters>,,</ownDataTypeParameters>
<autoIncrementCycle>false</autoIncrementCycle>
</Column>
<Column name="nazev" id="D69ABCBC-1EB2-87E2-68EE-CB0474434AC2">
<createdBy>jirco</createdBy>
<createdTime>2022-12-08 20:54:24 UTC</createdTime>
<generatorID>3159036D-E5C7-6C46-557F-5F376578CC5C</generatorID>
<ownerDesignName>MODEL 1</ownerDesignName>
<useDomainConstraints>false</useDomainConstraints>
<use>1</use>
<logicalDatatype>LOGDT024</logicalDatatype>
<dataTypeSize>32</dataTypeSize>
<ownDataTypeParameters>32,,</ownDataTypeParameters>
<autoIncrementCycle>false</autoIncrementCycle>
</Column>
<Column name="ADRESA_ID_adresa" id="063CEED2-C5F8-1F34-5B56-00DA39694766">
<createdBy>jirco</createdBy>
<createdTime>2022-12-08 20:54:24 UTC</createdTime>
<generatorID>6298B1C1-BEB6-4DF5-CA30-80134BC4B3F7</generatorID>
<ownerDesignName>MODEL 1</ownerDesignName>
<useDomainConstraints>false</useDomainConstraints>
<use>1</use>
<logicalDatatype>LOGDT019</logicalDatatype>
<ownDataTypeParameters>,,</ownDataTypeParameters>
<previousColumn>false</previousColumn>
<autoIncrementCycle>false</autoIncrementCycle>
<associations>
<colAssociation fkAssociation="865F67D8-3AB9-68D6-D6C7-592492C0E948" referredColumn="F6F63689-00A2-84A9-93DC-E5AE2ABDE5F7"/>
</associations>
</Column>
<Column name="KONTAKT_ID_kontakt" id="63F3252F-A41C-2462-1447-70E33E159C27">
<createdBy>jirco</createdBy>
<createdTime>2022-12-08 20:54:24 UTC</createdTime>
<generatorID>3A4C598F-FB0E-E128-9C42-792E2EC62CFC</generatorID>
<ownerDesignName>MODEL 1</ownerDesignName>
<nullsAllowed>true</nullsAllowed>
<useDomainConstraints>false</useDomainConstraints>
<use>1</use>
<logicalDatatype>LOGDT019</logicalDatatype>
<ownDataTypeParameters>,,</ownDataTypeParameters>
<previousColumn>false</previousColumn>
<autoIncrementCycle>false</autoIncrementCycle>
<associations>
<colAssociation fkAssociation="58678D73-60F6-E92B-68E0-0A8CCD09F7BB" referredColumn="E0C3EEB3-C228-EF40-1288-E191D83EF12C"/>
</associations>
</Column>
</columns>
<indexes itemClass="oracle.dbtools.crest.model.design.relational.Index">
<ind_PK_UK id="3B580A21-472A-0D48-82CB-AC50E5BD1104" name="BANKA_PK">
<createdBy>jirco</createdBy>
<createdTime>2022-12-08 20:54:24 UTC</createdTime>
<generatorID>DB6F0DC7-55FB-37C1-4C45-0A92E62490D2</generatorID>
<ownerDesignName>MODEL 1</ownerDesignName>
<pk>true</pk>
<indexState>Primary Constraint</indexState>
<isSurrogateKey>false</isSurrogateKey>
<indexColumnUsage>
<colUsage columnID="9F5F6F10-36E9-DADF-E545-6CD210E62DC4"/>
</indexColumnUsage>
</ind_PK_UK>
<ind_PK_UK id="B073B9B1-74B0-029E-C7B1-3F48C608E29A" name="BAN_ADRESA_FK">
<createdBy>jirco</createdBy>
<createdTime>2022-12-08 20:54:24 UTC</createdTime>
<generatorID>C4F5DBBC-EE8F-62AE-5678-E37A71084898</generatorID>
<ownerDesignName>MODEL 1</ownerDesignName>
<indexState>Foreign Key</indexState>
<isSurrogateKey>false</isSurrogateKey>
<indexColumnUsage>
<colUsage columnID="063CEED2-C5F8-1F34-5B56-00DA39694766"/>
</indexColumnUsage>
</ind_PK_UK>
<ind_PK_UK id="7FFD6CA7-F01C-348C-14AD-1626767FF2C3" name="BAN_KONTAKT_FK">
<createdBy>jirco</createdBy>
<createdTime>2022-12-08 20:54:24 UTC</createdTime>
<generatorID>EBD1D455-7B0A-84DF-A20A-2F501CFAB18F</generatorID>
<ownerDesignName>MODEL 1</ownerDesignName>
<indexState>Foreign Key</indexState>
<isSurrogateKey>false</isSurrogateKey>
<indexColumnUsage>
<colUsage columnID="63F3252F-A41C-2462-1447-70E33E159C27"/>
</indexColumnUsage>
</ind_PK_UK>
</indexes>
</Table>