<?xml version = '1.0' encoding = 'UTF-8'?>
<Table class="oracle.dbtools.crest.model.design.relational.Table" directorySegmentName="seg_0" id="1B0F3281-7963-99DC-9C37-3865AD2E2152" name="pojistka_klient">
<createdBy>jirco</createdBy>
<createdTime>2022-12-08 20:54:24 UTC</createdTime>
<ownerDesignName>MODEL 1</ownerDesignName>
<allowColumnReorder>false</allowColumnReorder>
<existDependencyGenerateInDDl>true</existDependencyGenerateInDDl>
<parsed>true</parsed>
<columns itemClass="oracle.dbtools.crest.model.design.relational.Column">
<Column name="POJ_ID_pojisteni" id="DBE4402D-488C-4474-C5AC-57B111755E24">
<createdBy>jirco</createdBy>
<createdTime>2022-12-08 20:54:24 UTC</createdTime>
<ownerDesignName>MODEL 1</ownerDesignName>
<useDomainConstraints>false</useDomainConstraints>
<use>1</use>
<logicalDatatype>LOGDT019</logicalDatatype>
<ownDataTypeParameters>,,</ownDataTypeParameters>
<previousColumn>false</previousColumn>
<autoIncrementCycle>false</autoIncrementCycle>
<associations>
<colAssociation fkAssociation="79BBF8E6-3EA0-1F76-4E7B-CF82F2ED4E5E" referredColumn="5CAE90F2-C07C-CBC8-B10A-99C1DC44B3BE"/>
</associations>
</Column>
<Column name="KLI_ID_klient" id="B8BCBCF7-CB0C-10FF-8C7D-27D5772C77F8">
<createdBy>jirco</createdBy>
<createdTime>2022-12-08 20:54:24 UTC</createdTime>
<ownerDesignName>MODEL 1</ownerDesignName>
<useDomainConstraints>false</useDomainConstraints>
<use>1</use>
<logicalDatatype>LOGDT019</logicalDatatype>
<ownDataTypeParameters>,,</ownDataTypeParameters>
<previousColumn>false</previousColumn>
<autoIncrementCycle>false</autoIncrementCycle>
<associations>
<colAssociation fkAssociation="6BE91D73-9EC9-5D2F-05AA-74D7A08C14ED" referredColumn="3BD0FB7A-E50A-3172-FAD3-7859F19FE924"/>
</associations>
</Column>
<Column name="ID_ST_poj_kli" id="25F5F40C-185D-BD4B-C6CC-BDFA82016A0E">
<createdBy>jirco</createdBy>
<createdTime>2022-12-08 23:07:54 UTC</createdTime>
<ownerDesignName>MODEL 1</ownerDesignName>
<useDomainConstraints>false</useDomainConstraints>
<use>1</use>
<logicalDatatype>LOGDT019</logicalDatatype>
<ownDataTypeParameters>,,</ownDataTypeParameters>
<autoIncrementCycle>false</autoIncrementCycle>
</Column>
</columns>
<indexes itemClass="oracle.dbtools.crest.model.design.relational.Index">
<ind_PK_UK id="DFE4A725-5E81-862A-E79C-DC948AA3D2E4" name="pojistka_klient_PK">
<createdBy>jirco</createdBy>
<createdTime>2022-12-08 20:54:24 UTC</createdTime>
<ownerDesignName>MODEL 1</ownerDesignName>
<pk>true</pk>
<indexState>Primary Constraint</indexState>
<isSurrogateKey>false</isSurrogateKey>
<indexColumnUsage>
<colUsage columnID="DBE4402D-488C-4474-C5AC-57B111755E24"/>
<colUsage columnID="B8BCBCF7-CB0C-10FF-8C7D-27D5772C77F8"/>
<colUsage columnID="25F5F40C-185D-BD4B-C6CC-BDFA82016A0E"/>
</indexColumnUsage>
</ind_PK_UK>
<ind_PK_UK id="862D3258-3F8A-C038-A8B9-D84EDDE86D90" name="poj_kli_POJISTKA_FK">
<createdBy>jirco</createdBy>
<createdTime>2022-12-08 20:54:24 UTC</createdTime>
<generatorID>0D7F8BE7-57A3-EE90-B86F-C9EC4705673A</generatorID>
<ownerDesignName>MODEL 1</ownerDesignName>
<indexState>Foreign Key</indexState>
<isSurrogateKey>false</isSurrogateKey>
<indexColumnUsage>
<colUsage columnID="DBE4402D-488C-4474-C5AC-57B111755E24"/>
</indexColumnUsage>
</ind_PK_UK>
<ind_PK_UK id="89D5F062-6BDD-8BC4-B6B1-883084922623" name="poj_kli_KLIENT_FK">
<createdBy>jirco</createdBy>
<createdTime>2022-12-08 20:54:24 UTC</createdTime>
<generatorID>0D7F8BE7-57A3-EE90-B86F-C9EC4705673A</generatorID>
<ownerDesignName>MODEL 1</ownerDesignName>
<indexState>Foreign Key</indexState>
<isSurrogateKey>false</isSurrogateKey>
<indexColumnUsage>
<colUsage columnID="B8BCBCF7-CB0C-10FF-8C7D-27D5772C77F8"/>
</indexColumnUsage>
</ind_PK_UK>
</indexes>
</Table>