<?xml version = '1.0' encoding = 'UTF-8'?>
<Table class="oracle.dbtools.crest.model.design.relational.Table" directorySegmentName="seg_0" id="295FF1EF-A479-F850-CC3E-356ADD7348BC" name="POBOCKA">
<createdBy>jirco</createdBy>
<createdTime>2022-12-08 20:54:24 UTC</createdTime>
<generatorID>8A8D47A9-DD04-A5BF-8F02-2B0E4892BE1A</generatorID>
<ownerDesignName>MODEL 1</ownerDesignName>
<abbreviation>POB</abbreviation>
<allowColumnReorder>false</allowColumnReorder>
<existDependencyGenerateInDDl>true</existDependencyGenerateInDDl>
<parsed>true</parsed>
<columns itemClass="oracle.dbtools.crest.model.design.relational.Column">
<Column name="ID_pobocka" id="7488DF21-6A3D-7BA7-20D8-8C9EDBE7DF1C">
<createdBy>jirco</createdBy>
<createdTime>2022-12-08 20:54:24 UTC</createdTime>
<generatorID>F463C6D4-0D6B-7256-4237-2F2DD0644F47</generatorID>
<ownerDesignName>MODEL 1</ownerDesignName>
<useDomainConstraints>false</useDomainConstraints>
<use>1</use>
<logicalDatatype>LOGDT019</logicalDatatype>
<ownDataTypeParameters>,,</ownDataTypeParameters>
<autoIncrementCycle>false</autoIncrementCycle>
</Column>
<Column name="pocet_zamestnancu" id="167F4A16-83F1-3A3E-3786-67C676155938">
<createdBy>jirco</createdBy>
<createdTime>2022-12-08 20:54:24 UTC</createdTime>
<generatorID>6671E924-77F3-DA0E-712C-9781CD70A78C</generatorID>
<ownerDesignName>MODEL 1</ownerDesignName>
<nullsAllowed>true</nullsAllowed>
<useDomainConstraints>false</useDomainConstraints>
<use>1</use>
<logicalDatatype>LOGDT019</logicalDatatype>
<ownDataTypeParameters>,,</ownDataTypeParameters>
<autoIncrementCycle>false</autoIncrementCycle>
</Column>
<Column name="nazev" id="5DC2EE2B-BE26-3239-C0E0-6075B67A2B42">
<createdBy>jirco</createdBy>
<createdTime>2022-12-08 20:54:24 UTC</createdTime>
<generatorID>060066F4-BB7F-3A0E-8CB6-65835A4FFD7D</generatorID>
<ownerDesignName>MODEL 1</ownerDesignName>
<useDomainConstraints>false</useDomainConstraints>
<use>1</use>
<logicalDatatype>LOGDT024</logicalDatatype>
<dataTypeSize>32</dataTypeSize>
<ownDataTypeParameters>32,,</ownDataTypeParameters>
<autoIncrementCycle>false</autoIncrementCycle>
</Column>
<Column name="ADRESA_ID_adresa" id="0FF93594-9C63-35AD-2866-D99CB4C8E285">
<createdBy>jirco</createdBy>
<createdTime>2022-12-08 20:54:24 UTC</createdTime>
<generatorID>21B91C8B-E00D-ADD2-50C7-9B8F53D6BA9A</generatorID>
<ownerDesignName>MODEL 1</ownerDesignName>
<nullsAllowed>true</nullsAllowed>
<useDomainConstraints>false</useDomainConstraints>
<use>1</use>
<logicalDatatype>LOGDT019</logicalDatatype>
<ownDataTypeParameters>,,</ownDataTypeParameters>
<previousColumn>false</previousColumn>
<autoIncrementCycle>false</autoIncrementCycle>
<associations>
<colAssociation fkAssociation="1FBEBF66-0677-BAA6-B953-575F468B8D34" referredColumn="F6F63689-00A2-84A9-93DC-E5AE2ABDE5F7"/>
</associations>
</Column>
</columns>
<indexes itemClass="oracle.dbtools.crest.model.design.relational.Index">
<ind_PK_UK id="4944EAED-EC6C-ECB7-E26E-02B772981F06" name="POBOCKA_PK">
<createdBy>jirco</createdBy>
<createdTime>2022-12-08 20:54:24 UTC</createdTime>
<generatorID>B686F515-72E9-B2C9-414B-22D7C3A687D2</generatorID>
<ownerDesignName>MODEL 1</ownerDesignName>
<pk>true</pk>
<indexState>Primary Constraint</indexState>
<isSurrogateKey>false</isSurrogateKey>
<indexColumnUsage>
<colUsage columnID="7488DF21-6A3D-7BA7-20D8-8C9EDBE7DF1C"/>
</indexColumnUsage>
</ind_PK_UK>
<ind_PK_UK id="B6F2A23E-3DD6-1718-4A84-28F31C7FBBE1" name="POB_ADRESA_FK">
<createdBy>jirco</createdBy>
<createdTime>2022-12-08 20:54:24 UTC</createdTime>
<generatorID>3AEEDB86-0F51-7AD5-CE8B-2DF9DB84F7B6</generatorID>
<ownerDesignName>MODEL 1</ownerDesignName>
<indexState>Foreign Key</indexState>
<isSurrogateKey>false</isSurrogateKey>
<indexColumnUsage>
<colUsage columnID="0FF93594-9C63-35AD-2866-D99CB4C8E285"/>
</indexColumnUsage>
</ind_PK_UK>
</indexes>
</Table>