<?xml version = '1.0' encoding = 'UTF-8'?>
<Table class="oracle.dbtools.crest.model.design.relational.Table" directorySegmentName="seg_0" id="47AE4D37-E7CA-5B0A-596B-E3AAD560911E" name="zamestnanec_pobocka">
<createdBy>jirco</createdBy>
<createdTime>2022-12-08 20:54:24 UTC</createdTime>
<ownerDesignName>MODEL 1</ownerDesignName>
<allowColumnReorder>false</allowColumnReorder>
<existDependencyGenerateInDDl>true</existDependencyGenerateInDDl>
<parsed>true</parsed>
<columns itemClass="oracle.dbtools.crest.model.design.relational.Column">
<Column name="ZAM_ID_zam" id="5C8A3B8B-2BFC-E1DF-9663-A784A205BC53">
<createdBy>jirco</createdBy>
<createdTime>2022-12-08 20:54:24 UTC</createdTime>
<ownerDesignName>MODEL 1</ownerDesignName>
<useDomainConstraints>false</useDomainConstraints>
<use>1</use>
<logicalDatatype>LOGDT019</logicalDatatype>
<ownDataTypeParameters>,,</ownDataTypeParameters>
<previousColumn>false</previousColumn>
<autoIncrementCycle>false</autoIncrementCycle>
<associations>
<colAssociation fkAssociation="60943AC4-990A-B602-4C99-0BC77BCA2B2D" referredColumn="76CFD2B2-7BD7-95AE-20A4-F67D62491BA3"/>
</associations>
</Column>
<Column name="POB_ID_pobocka" id="F778012D-68B8-F9BE-73A7-78662A604955">
<createdBy>jirco</createdBy>
<createdTime>2022-12-08 20:54:24 UTC</createdTime>
<ownerDesignName>MODEL 1</ownerDesignName>
<useDomainConstraints>false</useDomainConstraints>
<use>1</use>
<logicalDatatype>LOGDT019</logicalDatatype>
<ownDataTypeParameters>,,</ownDataTypeParameters>
<previousColumn>false</previousColumn>
<autoIncrementCycle>false</autoIncrementCycle>
<associations>
<colAssociation fkAssociation="692C50F7-54B0-C5C4-08D2-07392A1EBA08" referredColumn="7488DF21-6A3D-7BA7-20D8-8C9EDBE7DF1C"/>
</associations>
</Column>
<Column name="ID_ST_zam_pob" id="4B56F94B-B2B5-7F0D-AD23-DAA6F96B2DC8">
<createdBy>jirco</createdBy>
<createdTime>2022-12-08 23:08:27 UTC</createdTime>
<ownerDesignName>MODEL 1</ownerDesignName>
<useDomainConstraints>false</useDomainConstraints>
<use>1</use>
<logicalDatatype>LOGDT019</logicalDatatype>
<ownDataTypeParameters>,,</ownDataTypeParameters>
<autoIncrementCycle>false</autoIncrementCycle>
</Column>
</columns>
<indexes itemClass="oracle.dbtools.crest.model.design.relational.Index">
<ind_PK_UK id="593EBB27-7895-17A1-60DE-1C1E6050CA6F" name="zamestnanec_pobocka_PK">
<createdBy>jirco</createdBy>
<createdTime>2022-12-08 20:54:24 UTC</createdTime>
<ownerDesignName>MODEL 1</ownerDesignName>
<pk>true</pk>
<indexState>Primary Constraint</indexState>
<isSurrogateKey>false</isSurrogateKey>
<indexColumnUsage>
<colUsage columnID="5C8A3B8B-2BFC-E1DF-9663-A784A205BC53"/>
<colUsage columnID="F778012D-68B8-F9BE-73A7-78662A604955"/>
<colUsage columnID="4B56F94B-B2B5-7F0D-AD23-DAA6F96B2DC8"/>
</indexColumnUsage>
</ind_PK_UK>
<ind_PK_UK id="AE2B81DE-2971-E836-A4F3-4F8EAD3029D6" name="zam_pob_ZAMESTNANEC_FK">
<createdBy>jirco</createdBy>
<createdTime>2022-12-08 20:54:24 UTC</createdTime>
<generatorID>3C9AADC7-D4A1-609E-B3E1-76ADFC9A4ABC</generatorID>
<ownerDesignName>MODEL 1</ownerDesignName>
<indexState>Foreign Key</indexState>
<isSurrogateKey>false</isSurrogateKey>
<indexColumnUsage>
<colUsage columnID="5C8A3B8B-2BFC-E1DF-9663-A784A205BC53"/>
</indexColumnUsage>
</ind_PK_UK>
<ind_PK_UK id="C2C44FBA-B5A4-2B18-565F-6D00EB1D90F9" name="zam_pob_POBOCKA_FK">
<createdBy>jirco</createdBy>
<createdTime>2022-12-08 20:54:24 UTC</createdTime>
<generatorID>3C9AADC7-D4A1-609E-B3E1-76ADFC9A4ABC</generatorID>
<ownerDesignName>MODEL 1</ownerDesignName>
<indexState>Foreign Key</indexState>
<isSurrogateKey>false</isSurrogateKey>
<indexColumnUsage>
<colUsage columnID="F778012D-68B8-F9BE-73A7-78662A604955"/>
</indexColumnUsage>
</ind_PK_UK>
</indexes>
</Table>