<?xml version = '1.0' encoding = 'UTF-8'?>
<Table class="oracle.dbtools.crest.model.design.relational.Table" directorySegmentName="seg_0" id="87FC6E9F-EC1C-D862-F869-F077D399C74C" name="MAJETEK_POJISTENI">
<createdBy>jirco</createdBy>
<createdTime>2022-12-08 20:54:24 UTC</createdTime>
<generatorID>F0EBD30A-939F-71D3-9D21-C3BC6787B4F3</generatorID>
<ownerDesignName>MODEL 1</ownerDesignName>
<ordsAlias>majetkove_pojisteni</ordsAlias>
<abbreviation>MAJ</abbreviation>
<allowColumnReorder>false</allowColumnReorder>
<existDependencyGenerateInDDl>true</existDependencyGenerateInDDl>
<parsed>true</parsed>
<columns itemClass="oracle.dbtools.crest.model.design.relational.Column">
<Column name="ID_POJ_pojisteni" id="B2C93803-319E-773F-4932-D0D5BBD50BFE">
<createdBy>jirco</createdBy>
<createdTime>2022-12-08 20:54:24 UTC</createdTime>
<generatorID>0026C4EB-17B7-633B-89CD-280DBDD545F2</generatorID>
<ownerDesignName>MODEL 1</ownerDesignName>
<useDomainConstraints>false</useDomainConstraints>
<use>1</use>
<logicalDatatype>LOGDT019</logicalDatatype>
<ownDataTypeParameters>,,</ownDataTypeParameters>
<autoIncrementCycle>false</autoIncrementCycle>
<associations>
<colAssociation fkAssociation="6A503F1A-329D-8348-9ACB-EA5A35C467EE" referredColumn="5CAE90F2-C07C-CBC8-B10A-99C1DC44B3BE"/>
</associations>
</Column>
<Column name="MAJ_ID_majetek" id="7F257E23-54C0-892A-3BAA-DF7342191927">
<createdBy>jirco</createdBy>
<createdTime>2022-12-08 20:54:24 UTC</createdTime>
<generatorID>537D4ACA-9F89-6E83-BC88-99FBFCF7DA87</generatorID>
<ownerDesignName>MODEL 1</ownerDesignName>
<useDomainConstraints>false</useDomainConstraints>
<use>1</use>
<logicalDatatype>LOGDT019</logicalDatatype>
<ownDataTypeParameters>,,</ownDataTypeParameters>
<autoIncrementCycle>false</autoIncrementCycle>
</Column>
<Column name="MAJ_popis" id="9A547810-1EBC-71D5-2156-F6EBEA24C317">
<createdBy>jirco</createdBy>
<createdTime>2022-12-08 20:54:24 UTC</createdTime>
<generatorID>BC15BEE4-7B62-7646-D60D-D9A45C43A8EB</generatorID>
<ownerDesignName>MODEL 1</ownerDesignName>
<useDomainConstraints>false</useDomainConstraints>
<use>1</use>
<logicalDatatype>LOGDT024</logicalDatatype>
<dataTypeSize>255</dataTypeSize>
<ownDataTypeParameters>255,,</ownDataTypeParameters>
<autoIncrementCycle>false</autoIncrementCycle>
</Column>
<Column name="MAJ_vyrobeno" id="C4F287B3-60A6-240C-C9A9-F2B7C8874CBF">
<createdBy>jirco</createdBy>
<createdTime>2022-12-08 20:54:24 UTC</createdTime>
<generatorID>21B7CB59-250F-9B7D-A8E6-C331BA84F244</generatorID>
<ownerDesignName>MODEL 1</ownerDesignName>
<nullsAllowed>true</nullsAllowed>
<useDomainConstraints>false</useDomainConstraints>
<use>1</use>
<logicalDatatype>LOGDT007</logicalDatatype>
<ownDataTypeParameters>,,</ownDataTypeParameters>
<autoIncrementCycle>false</autoIncrementCycle>
</Column>
<Column name="ID_kat_majetku" id="B23348CE-0F9B-BAEF-F123-5AEB90852382">
<createdBy>jirco</createdBy>
<createdTime>2022-12-08 20:54:24 UTC</createdTime>
<generatorID>AA895C2F-383B-40BB-50FD-AD66013577EE</generatorID>
<ownerDesignName>MODEL 1</ownerDesignName>
<nullsAllowed>true</nullsAllowed>
<useDomainConstraints>false</useDomainConstraints>
<use>1</use>
<logicalDatatype>LOGDT019</logicalDatatype>
<ownDataTypeParameters>,,</ownDataTypeParameters>
<previousColumn>false</previousColumn>
<autoIncrementCycle>false</autoIncrementCycle>
<associations>
<colAssociation fkAssociation="FC35D583-AFCC-77A5-D56E-8CF9B2D84ECC" referredColumn="6205EB8C-6E72-9AC4-AADE-C69662EE6CC6"/>
</associations>
</Column>
</columns>
<indexes itemClass="oracle.dbtools.crest.model.design.relational.Index">
<ind_PK_UK id="491270E6-55C1-E539-C33D-1BAA14F0DB5E" name="MAJETKOVE_POJISTENI_PK">
<createdBy>jirco</createdBy>
<createdTime>2022-12-08 20:54:24 UTC</createdTime>
<generatorID>476C49FB-EA8A-207B-67C1-17207C3A77FC</generatorID>
<ownerDesignName>MODEL 1</ownerDesignName>
<pk>true</pk>
<indexState>Primary Constraint</indexState>
<isSurrogateKey>false</isSurrogateKey>
<indexColumnUsage>
<colUsage columnID="B2C93803-319E-773F-4932-D0D5BBD50BFE"/>
</indexColumnUsage>
</ind_PK_UK>
<ind_PK_UK id="15BD5BAB-5EAE-BCBF-B396-5DFA6ECCFA4D" name="MAJETKOVE_POJISTENI_PKv1">
<createdBy>jirco</createdBy>
<createdTime>2022-12-08 20:54:24 UTC</createdTime>
<generatorID>0E3946EE-18AB-8F5C-4B3B-9580E6CE4947</generatorID>
<ownerDesignName>MODEL 1</ownerDesignName>
<indexState>Unique Constraint</indexState>
<isSurrogateKey>false</isSurrogateKey>
<indexColumnUsage>
<colUsage columnID="7F257E23-54C0-892A-3BAA-DF7342191927"/>
</indexColumnUsage>
</ind_PK_UK>
<ind_PK_UK id="41145E08-D88D-C09D-41B8-55626D765671" name="MAJ_POJ_POJISTKA_FK">
<createdBy>jirco</createdBy>
<createdTime>2022-12-08 20:54:24 UTC</createdTime>
<generatorID>38BB4309-5DEF-51BC-1552-C8FF35AFBBEF</generatorID>
<ownerDesignName>MODEL 1</ownerDesignName>
<indexState>Foreign Key</indexState>
<isSurrogateKey>false</isSurrogateKey>
<indexColumnUsage>
<colUsage columnID="B2C93803-319E-773F-4932-D0D5BBD50BFE"/>
</indexColumnUsage>
</ind_PK_UK>
<ind_PK_UK id="5DB3A732-D32B-7DAE-2B04-75A5814EC6B1" name="MAJ_POJ_KMAJETEK_FK">
<createdBy>jirco</createdBy>
<createdTime>2022-12-08 20:54:24 UTC</createdTime>
<generatorID>9016EB4D-6B36-5EC4-6583-FFD3D1C771C9</generatorID>
<ownerDesignName>MODEL 1</ownerDesignName>
<indexState>Foreign Key</indexState>
<isSurrogateKey>false</isSurrogateKey>
<indexColumnUsage>
<colUsage columnID="B23348CE-0F9B-BAEF-F123-5AEB90852382"/>
</indexColumnUsage>
</ind_PK_UK>
</indexes>
</Table>