<?xml version = '1.0' encoding = 'UTF-8'?>
<Table class="oracle.dbtools.crest.model.design.relational.Table" directorySegmentName="seg_0" id="A8BE04CC-93FB-AAFC-36A6-73A96948575D" name="POJISTKA">
<createdBy>jirco</createdBy>
<createdTime>2022-12-08 20:54:24 UTC</createdTime>
<generatorID>94092531-3BB0-69C3-1C1C-7021D8391F46</generatorID>
<ownerDesignName>MODEL 1</ownerDesignName>
<abbreviation>POJ</abbreviation>
<allowColumnReorder>false</allowColumnReorder>
<existDependencyGenerateInDDl>true</existDependencyGenerateInDDl>
<parsed>true</parsed>
<columns itemClass="oracle.dbtools.crest.model.design.relational.Column">
<Column name="ID_POJ_pojisteni" id="5CAE90F2-C07C-CBC8-B10A-99C1DC44B3BE">
<createdBy>jirco</createdBy>
<createdTime>2022-12-08 20:54:24 UTC</createdTime>
<generatorID>0026C4EB-17B7-633B-89CD-280DBDD545F2</generatorID>
<ownerDesignName>MODEL 1</ownerDesignName>
<useDomainConstraints>false</useDomainConstraints>
<use>1</use>
<logicalDatatype>LOGDT019</logicalDatatype>
<ownDataTypeParameters>,,</ownDataTypeParameters>
<autoIncrementCycle>false</autoIncrementCycle>
</Column>
<Column name="POJ_datum_sjednani" id="79E5035D-B83B-E270-2BF7-048C18A3603A">
<createdBy>jirco</createdBy>
<createdTime>2022-12-08 20:54:24 UTC</createdTime>
<generatorID>270424FA-0138-EFD5-C132-74CEB712699E</generatorID>
<ownerDesignName>MODEL 1</ownerDesignName>
<useDomainConstraints>false</useDomainConstraints>
<use>1</use>
<logicalDatatype>LOGDT007</logicalDatatype>
<ownDataTypeParameters>,,</ownDataTypeParameters>
<autoIncrementCycle>false</autoIncrementCycle>
</Column>
<Column name="POJ_poznamka" id="7DE7F796-89C1-655D-0F48-BC808ED22C37">
<createdBy>jirco</createdBy>
<createdTime>2022-12-08 20:54:24 UTC</createdTime>
<generatorID>5E219505-C0DE-CE1D-94D0-F06138C3C33B</generatorID>
<ownerDesignName>MODEL 1</ownerDesignName>
<nullsAllowed>true</nullsAllowed>
<useDomainConstraints>false</useDomainConstraints>
<use>1</use>
<logicalDatatype>LOGDT024</logicalDatatype>
<dataTypeSize>255</dataTypeSize>
<ownDataTypeParameters>255,,</ownDataTypeParameters>
<autoIncrementCycle>false</autoIncrementCycle>
</Column>
<Column name="POJ_pojisteno_do" id="9E9BC30B-C087-4FF8-995F-FA05CB7DEDE1">
<createdBy>jirco</createdBy>
<createdTime>2022-12-08 20:54:24 UTC</createdTime>
<generatorID>E53FFD79-E8E1-4570-383F-BD979D0F9F42</generatorID>
<ownerDesignName>MODEL 1</ownerDesignName>
<nullsAllowed>true</nullsAllowed>
<useDomainConstraints>false</useDomainConstraints>
<use>1</use>
<logicalDatatype>LOGDT024</logicalDatatype>
<dataTypeSize>MAX</dataTypeSize>
<ownDataTypeParameters>MAX,,</ownDataTypeParameters>
<autoIncrementCycle>false</autoIncrementCycle>
</Column>
<Column name="POJ_cena_mesicne" id="8A0A7266-A053-D454-0247-4BD6A31AA466">
<createdBy>jirco</createdBy>
<createdTime>2022-12-08 20:54:24 UTC</createdTime>
<generatorID>3C7AFD8F-F090-2986-9121-60369960F88B</generatorID>
<ownerDesignName>MODEL 1</ownerDesignName>
<nullsAllowed>true</nullsAllowed>
<useDomainConstraints>false</useDomainConstraints>
<use>1</use>
<logicalDatatype>LOGDT024</logicalDatatype>
<dataTypeSize>MAX</dataTypeSize>
<ownDataTypeParameters>MAX,,</ownDataTypeParameters>
<autoIncrementCycle>false</autoIncrementCycle>
</Column>
<Column name="POV_ID_povinosti" id="510FAFA5-6159-78ED-D6DC-3930361A5891">
<createdBy>jirco</createdBy>
<createdTime>2022-12-08 20:54:24 UTC</createdTime>
<generatorID>0B38E05B-B5A1-6BC8-A4B8-37D2523ACDB6</generatorID>
<ownerDesignName>MODEL 1</ownerDesignName>
<useDomainConstraints>false</useDomainConstraints>
<use>1</use>
<logicalDatatype>LOGDT019</logicalDatatype>
<ownDataTypeParameters>,,</ownDataTypeParameters>
<previousColumn>false</previousColumn>
<autoIncrementCycle>false</autoIncrementCycle>
<associations>
<colAssociation fkAssociation="93F741C3-01DA-5F58-DD63-13D7E6CAC0F3" referredColumn="4F7AA134-1242-A204-321E-010C27B134AD"/>
</associations>
</Column>
<Column name="POJ_ID_arc" id="4957B4EA-A3E2-64A4-80A4-A5CD378671E1">
<createdBy>jirco</createdBy>
<createdTime>2022-12-08 23:05:45 UTC</createdTime>
<ownerDesignName>MODEL 1</ownerDesignName>
<useDomainConstraints>false</useDomainConstraints>
<use>1</use>
<logicalDatatype>LOGDT025</logicalDatatype>
<dataTypeSize>1</dataTypeSize>
<ownDataTypeParameters>1,,</ownDataTypeParameters>
<autoIncrementCycle>false</autoIncrementCycle>
</Column>
</columns>
<indexes itemClass="oracle.dbtools.crest.model.design.relational.Index">
<ind_PK_UK id="7CB58541-E304-F17F-5A2E-DCCFC4B0664E" name="POJISTKA_PK">
<createdBy>jirco</createdBy>
<createdTime>2022-12-08 20:54:24 UTC</createdTime>
<generatorID>476C49FB-EA8A-207B-67C1-17207C3A77FC</generatorID>
<ownerDesignName>MODEL 1</ownerDesignName>
<pk>true</pk>
<indexState>Primary Constraint</indexState>
<isSurrogateKey>false</isSurrogateKey>
<indexColumnUsage>
<colUsage columnID="5CAE90F2-C07C-CBC8-B10A-99C1DC44B3BE"/>
</indexColumnUsage>
</ind_PK_UK>
<ind_PK_UK id="EB166A26-F471-436E-C740-1F6821D922DE" name="POJ_POVINOSTI_FK">
<createdBy>jirco</createdBy>
<createdTime>2022-12-08 20:54:24 UTC</createdTime>
<generatorID>3624E5B7-E247-5523-5B31-08BA98A0AEFB</generatorID>
<ownerDesignName>MODEL 1</ownerDesignName>
<indexState>Foreign Key</indexState>
<isSurrogateKey>false</isSurrogateKey>
<indexColumnUsage>
<colUsage columnID="510FAFA5-6159-78ED-D6DC-3930361A5891"/>
</indexColumnUsage>
</ind_PK_UK>
</indexes>
</Table>