<?xml version = '1.0' encoding = 'UTF-8'?>
<Table class="oracle.dbtools.crest.model.design.relational.Table" directorySegmentName="seg_0" id="CA21D351-DD89-B100-5367-3E7F190295D5" name="ZAMESTNANEC">
<createdBy>jirco</createdBy>
<createdTime>2022-12-08 20:54:24 UTC</createdTime>
<generatorID>9F411339-8E3F-833D-AB1D-0F8AC4D719F4</generatorID>
<ownerDesignName>MODEL 1</ownerDesignName>
<abbreviation>ZAM</abbreviation>
<allowColumnReorder>false</allowColumnReorder>
<existDependencyGenerateInDDl>true</existDependencyGenerateInDDl>
<parsed>true</parsed>
<columns itemClass="oracle.dbtools.crest.model.design.relational.Column">
<Column name="ID_zam" id="76CFD2B2-7BD7-95AE-20A4-F67D62491BA3">
<createdBy>jirco</createdBy>
<createdTime>2022-12-08 20:54:24 UTC</createdTime>
<generatorID>91B5CA57-6C4E-A120-5B75-4C56A02253E5</generatorID>
<ownerDesignName>MODEL 1</ownerDesignName>
<useDomainConstraints>false</useDomainConstraints>
<use>1</use>
<logicalDatatype>LOGDT019</logicalDatatype>
<ownDataTypeParameters>,,</ownDataTypeParameters>
<autoIncrementCycle>false</autoIncrementCycle>
</Column>
<Column name="jmeno" id="B28525ED-EAE2-4CB5-DCC7-9FAC98C4471F">
<createdBy>jirco</createdBy>
<createdTime>2022-12-08 20:54:24 UTC</createdTime>
<generatorID>808FD59E-AFA2-9525-EB44-ED499B83FD27</generatorID>
<ownerDesignName>MODEL 1</ownerDesignName>
<useDomainConstraints>false</useDomainConstraints>
<use>1</use>
<logicalDatatype>LOGDT024</logicalDatatype>
<dataTypeSize>32</dataTypeSize>
<ownDataTypeParameters>32,,</ownDataTypeParameters>
<autoIncrementCycle>false</autoIncrementCycle>
</Column>
<Column name="druhe_jmeno" id="DCD164E5-DA5A-2F6C-85E8-5BBCC770D5A3">
<createdBy>jirco</createdBy>
<createdTime>2022-12-08 20:54:24 UTC</createdTime>
<generatorID>D023EA50-5BBF-9079-EAC8-8746181A2996</generatorID>
<ownerDesignName>MODEL 1</ownerDesignName>
<nullsAllowed>true</nullsAllowed>
<useDomainConstraints>false</useDomainConstraints>
<use>1</use>
<logicalDatatype>LOGDT024</logicalDatatype>
<dataTypeSize>32</dataTypeSize>
<ownDataTypeParameters>32,,</ownDataTypeParameters>
<autoIncrementCycle>false</autoIncrementCycle>
</Column>
<Column name="prijmeni" id="933B69DE-BD71-502C-253C-E93B5C0FD027">
<createdBy>jirco</createdBy>
<createdTime>2022-12-08 20:54:24 UTC</createdTime>
<generatorID>F0EEAA48-2B59-6068-BB2B-CCA9534A89C0</generatorID>
<ownerDesignName>MODEL 1</ownerDesignName>
<useDomainConstraints>false</useDomainConstraints>
<use>1</use>
<logicalDatatype>LOGDT024</logicalDatatype>
<dataTypeSize>32</dataTypeSize>
<ownDataTypeParameters>32,,</ownDataTypeParameters>
<autoIncrementCycle>false</autoIncrementCycle>
</Column>
<Column name="ADRESA_ID_adresa" id="743FA76F-6D68-3165-D9F0-B1598AA34D2E">
<createdBy>jirco</createdBy>
<createdTime>2022-12-08 20:54:24 UTC</createdTime>
<generatorID>DBEC7D66-2150-216D-8BB4-9B829BB64EC8</generatorID>
<ownerDesignName>MODEL 1</ownerDesignName>
<nullsAllowed>true</nullsAllowed>
<useDomainConstraints>false</useDomainConstraints>
<use>1</use>
<logicalDatatype>LOGDT019</logicalDatatype>
<ownDataTypeParameters>,,</ownDataTypeParameters>
<previousColumn>false</previousColumn>
<autoIncrementCycle>false</autoIncrementCycle>
<associations>
<colAssociation fkAssociation="03C993AF-C5BA-A043-4963-3F9ED7C66B5C" referredColumn="F6F63689-00A2-84A9-93DC-E5AE2ABDE5F7"/>
</associations>
</Column>
<Column name="POZICE_ID_pozice" id="D1DDD19E-7172-1C7A-CFF1-8A62DCA9F623">
<createdBy>jirco</createdBy>
<createdTime>2022-12-08 20:54:24 UTC</createdTime>
<generatorID>9BE8D8A2-53F8-A319-19B3-0903AB8651F0</generatorID>
<ownerDesignName>MODEL 1</ownerDesignName>
<useDomainConstraints>false</useDomainConstraints>
<use>1</use>
<logicalDatatype>LOGDT019</logicalDatatype>
<ownDataTypeParameters>,,</ownDataTypeParameters>
<previousColumn>false</previousColumn>
<autoIncrementCycle>false</autoIncrementCycle>
<associations>
<colAssociation fkAssociation="99E5ADD3-C9ED-CE5A-777C-0DC38F5BB24D" referredColumn="6CDD427A-6DEC-8970-37AB-5FB57C4E94A9"/>
</associations>
</Column>
<Column name="KONTAKT_ID_kontakt" id="67C59E5B-29A6-162D-8329-75F931298C21">
<createdBy>jirco</createdBy>
<createdTime>2022-12-08 20:54:24 UTC</createdTime>
<generatorID>A3BF5ADF-4164-5F87-2CFC-F43A349B227E</generatorID>
<ownerDesignName>MODEL 1</ownerDesignName>
<nullsAllowed>true</nullsAllowed>
<useDomainConstraints>false</useDomainConstraints>
<use>1</use>
<logicalDatatype>LOGDT019</logicalDatatype>
<ownDataTypeParameters>,,</ownDataTypeParameters>
<previousColumn>false</previousColumn>
<autoIncrementCycle>false</autoIncrementCycle>
<associations>
<colAssociation fkAssociation="C9EB5647-895D-D124-0FF9-446333059C86" referredColumn="E0C3EEB3-C228-EF40-1288-E191D83EF12C"/>
</associations>
</Column>
</columns>
<indexes itemClass="oracle.dbtools.crest.model.design.relational.Index">
<ind_PK_UK id="C7F3AE16-1FD0-BCF1-04D1-740A0D36207E" name="ZAMESTNANEC_PK">
<createdBy>jirco</createdBy>
<createdTime>2022-12-08 20:54:24 UTC</createdTime>
<generatorID>2DEBAE4F-99AD-95E0-02DC-23C16028C3E6</generatorID>
<ownerDesignName>MODEL 1</ownerDesignName>
<pk>true</pk>
<indexState>Primary Constraint</indexState>
<isSurrogateKey>false</isSurrogateKey>
<indexColumnUsage>
<colUsage columnID="76CFD2B2-7BD7-95AE-20A4-F67D62491BA3"/>
</indexColumnUsage>
</ind_PK_UK>
<ind_PK_UK id="A1BE77A8-A4A4-C7AA-739B-48340AAADA61" name="ZAM_ADRESA_FK">
<createdBy>jirco</createdBy>
<createdTime>2022-12-08 20:54:24 UTC</createdTime>
<generatorID>C0A8E9B7-FF83-9877-0C64-AE93EABAD649</generatorID>
<ownerDesignName>MODEL 1</ownerDesignName>
<indexState>Foreign Key</indexState>
<isSurrogateKey>false</isSurrogateKey>
<indexColumnUsage>
<colUsage columnID="743FA76F-6D68-3165-D9F0-B1598AA34D2E"/>
</indexColumnUsage>
</ind_PK_UK>
<ind_PK_UK id="BADEE4B3-59E1-054E-1753-7D193CD4C220" name="ZAM_POZICE_FK">
<createdBy>jirco</createdBy>
<createdTime>2022-12-08 20:54:24 UTC</createdTime>
<generatorID>2AEE501C-9647-89C6-67B5-24A395C17635</generatorID>
<ownerDesignName>MODEL 1</ownerDesignName>
<indexState>Foreign Key</indexState>
<isSurrogateKey>false</isSurrogateKey>
<indexColumnUsage>
<colUsage columnID="D1DDD19E-7172-1C7A-CFF1-8A62DCA9F623"/>
</indexColumnUsage>
</ind_PK_UK>
<ind_PK_UK id="F93005A1-B757-1B81-3270-E2B40EF0175C" name="ZAM_KONTAKT_FK">
<createdBy>jirco</createdBy>
<createdTime>2022-12-08 20:54:24 UTC</createdTime>
<generatorID>3E221B13-2BE1-5CE4-9B23-56EF7E438D10</generatorID>
<ownerDesignName>MODEL 1</ownerDesignName>
<indexState>Foreign Key</indexState>
<isSurrogateKey>false</isSurrogateKey>
<indexColumnUsage>
<colUsage columnID="67C59E5B-29A6-162D-8329-75F931298C21"/>
</indexColumnUsage>
</ind_PK_UK>
</indexes>
</Table>