<?xml version = '1.0' encoding = 'UTF-8'?>
<Table class="oracle.dbtools.crest.model.design.relational.Table" directorySegmentName="seg_0" id="D2BBB564-EE25-C536-C841-B51D868D9751" name="zamestnanec_pojistka">
<createdBy>jirco</createdBy>
<createdTime>2022-12-08 20:54:24 UTC</createdTime>
<ownerDesignName>MODEL 1</ownerDesignName>
<allowColumnReorder>false</allowColumnReorder>
<existDependencyGenerateInDDl>true</existDependencyGenerateInDDl>
<parsed>true</parsed>
<columns itemClass="oracle.dbtools.crest.model.design.relational.Column">
<Column name="ZAM_ID_zam" id="B7917BE3-A7A8-FD9E-B80A-E213EE1052F2">
<createdBy>jirco</createdBy>
<createdTime>2022-12-08 20:54:24 UTC</createdTime>
<ownerDesignName>MODEL 1</ownerDesignName>
<useDomainConstraints>false</useDomainConstraints>
<use>1</use>
<logicalDatatype>LOGDT019</logicalDatatype>
<ownDataTypeParameters>,,</ownDataTypeParameters>
<previousColumn>false</previousColumn>
<autoIncrementCycle>false</autoIncrementCycle>
<associations>
<colAssociation fkAssociation="72898A7F-861E-13CE-80D6-249B42DAAEF1" referredColumn="76CFD2B2-7BD7-95AE-20A4-F67D62491BA3"/>
</associations>
</Column>
<Column name="POJ_ID_pojisteni" id="1D4D6423-6646-F641-6D9E-1D05576BF6F5">
<createdBy>jirco</createdBy>
<createdTime>2022-12-08 20:54:24 UTC</createdTime>
<ownerDesignName>MODEL 1</ownerDesignName>
<useDomainConstraints>false</useDomainConstraints>
<use>1</use>
<logicalDatatype>LOGDT019</logicalDatatype>
<ownDataTypeParameters>,,</ownDataTypeParameters>
<previousColumn>false</previousColumn>
<autoIncrementCycle>false</autoIncrementCycle>
<associations>
<colAssociation fkAssociation="462057F0-5FAB-37EC-6A21-CF057303110C" referredColumn="5CAE90F2-C07C-CBC8-B10A-99C1DC44B3BE"/>
</associations>
</Column>
<Column name="ID_ST_zam_poj" id="027023C2-D104-0BCC-0891-C8E2B60A9D55">
<createdBy>jirco</createdBy>
<createdTime>2022-12-08 23:07:13 UTC</createdTime>
<ownerDesignName>MODEL 1</ownerDesignName>
<useDomainConstraints>false</useDomainConstraints>
<use>1</use>
<logicalDatatype>LOGDT019</logicalDatatype>
<ownDataTypeParameters>,,</ownDataTypeParameters>
<autoIncrementCycle>false</autoIncrementCycle>
</Column>
</columns>
<indexes itemClass="oracle.dbtools.crest.model.design.relational.Index">
<ind_PK_UK id="9BF51A1C-6522-3283-56DD-B1273F07DA52" name="zamestnanec_pojistka_PK">
<createdBy>jirco</createdBy>
<createdTime>2022-12-08 20:54:24 UTC</createdTime>
<ownerDesignName>MODEL 1</ownerDesignName>
<pk>true</pk>
<indexState>Primary Constraint</indexState>
<isSurrogateKey>false</isSurrogateKey>
<indexColumnUsage>
<colUsage columnID="B7917BE3-A7A8-FD9E-B80A-E213EE1052F2"/>
<colUsage columnID="1D4D6423-6646-F641-6D9E-1D05576BF6F5"/>
<colUsage columnID="027023C2-D104-0BCC-0891-C8E2B60A9D55"/>
</indexColumnUsage>
</ind_PK_UK>
<ind_PK_UK id="23C1FD9F-C841-E34B-2F21-60FC419491F5" name="zam_poj_ZAMESTNANEC_FK">
<createdBy>jirco</createdBy>
<createdTime>2022-12-08 20:54:24 UTC</createdTime>
<generatorID>D5A3277F-BCC6-4605-C6C7-FAD9BA0EAB6B</generatorID>
<ownerDesignName>MODEL 1</ownerDesignName>
<indexState>Foreign Key</indexState>
<isSurrogateKey>false</isSurrogateKey>
<indexColumnUsage>
<colUsage columnID="B7917BE3-A7A8-FD9E-B80A-E213EE1052F2"/>
</indexColumnUsage>
</ind_PK_UK>
<ind_PK_UK id="5AF13DF6-6A8E-7559-473D-748EF1976571" name="zam_poj_POJISTKA_FK">
<createdBy>jirco</createdBy>
<createdTime>2022-12-08 20:54:24 UTC</createdTime>
<generatorID>D5A3277F-BCC6-4605-C6C7-FAD9BA0EAB6B</generatorID>
<ownerDesignName>MODEL 1</ownerDesignName>
<indexState>Foreign Key</indexState>
<isSurrogateKey>false</isSurrogateKey>
<indexColumnUsage>
<colUsage columnID="1D4D6423-6646-F641-6D9E-1D05576BF6F5"/>
</indexColumnUsage>
</ind_PK_UK>
</indexes>
</Table>