<?xml version = '1.0' encoding = 'UTF-8'?>
<Table class="oracle.dbtools.crest.model.design.relational.Table" directorySegmentName="seg_0" id="E1C54BB9-7553-E6C5-58D4-EE81DA11C871" name="URAZOVE_POJISTENI">
<createdBy>jirco</createdBy>
<createdTime>2022-12-08 20:54:24 UTC</createdTime>
<generatorID>CAA886B7-EBD8-0350-55DF-BBE315D90CF1</generatorID>
<ownerDesignName>MODEL 1</ownerDesignName>
<abbreviation>URA</abbreviation>
<allowColumnReorder>false</allowColumnReorder>
<existDependencyGenerateInDDl>true</existDependencyGenerateInDDl>
<parsed>true</parsed>
<columns itemClass="oracle.dbtools.crest.model.design.relational.Column">
<Column name="ID_POJ_pojisteni" id="33FDDB2F-819E-AA5B-70AF-5F946D3C80C8">
<createdBy>jirco</createdBy>
<createdTime>2022-12-08 20:54:24 UTC</createdTime>
<generatorID>0026C4EB-17B7-633B-89CD-280DBDD545F2</generatorID>
<ownerDesignName>MODEL 1</ownerDesignName>
<useDomainConstraints>false</useDomainConstraints>
<use>1</use>
<logicalDatatype>LOGDT019</logicalDatatype>
<ownDataTypeParameters>,,</ownDataTypeParameters>
<autoIncrementCycle>false</autoIncrementCycle>
<associations>
<colAssociation fkAssociation="DAFB695F-3B5F-F65C-E62B-327564F3D897" referredColumn="5CAE90F2-C07C-CBC8-B10A-99C1DC44B3BE"/>
</associations>
</Column>
<Column name="ID_URA_uraz" id="CE992BD9-BB7D-9EF5-E68E-F311C87A8C7E">
<createdBy>jirco</createdBy>
<createdTime>2022-12-08 20:54:24 UTC</createdTime>
<generatorID>FEC1215E-892F-8B25-9A71-B827D4CCE720</generatorID>
<ownerDesignName>MODEL 1</ownerDesignName>
<useDomainConstraints>false</useDomainConstraints>
<use>1</use>
<logicalDatatype>LOGDT019</logicalDatatype>
<ownDataTypeParameters>,,</ownDataTypeParameters>
<autoIncrementCycle>false</autoIncrementCycle>
</Column>
<Column name="URA_druh_urazu" id="9D1F10BD-DBE7-B044-80C1-C8081E5D1DAA">
<createdBy>jirco</createdBy>
<createdTime>2022-12-08 20:54:24 UTC</createdTime>
<generatorID>DAB7B2BA-DF80-18B7-CABC-C8346AE5ECE4</generatorID>
<ownerDesignName>MODEL 1</ownerDesignName>
<nullsAllowed>true</nullsAllowed>
<useDomainConstraints>false</useDomainConstraints>
<use>1</use>
<logicalDatatype>LOGDT024</logicalDatatype>
<dataTypeSize>255</dataTypeSize>
<ownDataTypeParameters>255,,</ownDataTypeParameters>
<autoIncrementCycle>false</autoIncrementCycle>
</Column>
</columns>
<indexes itemClass="oracle.dbtools.crest.model.design.relational.Index">
<ind_PK_UK id="E345FC25-4B78-4744-3255-54579022284D" name="URAZOVE_POJISTENI_PK">
<createdBy>jirco</createdBy>
<createdTime>2022-12-08 20:54:24 UTC</createdTime>
<generatorID>476C49FB-EA8A-207B-67C1-17207C3A77FC</generatorID>
<ownerDesignName>MODEL 1</ownerDesignName>
<pk>true</pk>
<indexState>Primary Constraint</indexState>
<isSurrogateKey>false</isSurrogateKey>
<indexColumnUsage>
<colUsage columnID="33FDDB2F-819E-AA5B-70AF-5F946D3C80C8"/>
</indexColumnUsage>
</ind_PK_UK>
<ind_PK_UK id="C53F0543-8EAE-C730-9D33-0DD08E0326CA" name="URAZOVE_POJISTENI_PKv1">
<createdBy>jirco</createdBy>
<createdTime>2022-12-08 20:54:24 UTC</createdTime>
<generatorID>3601C24E-95A6-B83E-53C6-833666A785D2</generatorID>
<ownerDesignName>MODEL 1</ownerDesignName>
<indexState>Unique Constraint</indexState>
<isSurrogateKey>false</isSurrogateKey>
<indexColumnUsage>
<colUsage columnID="CE992BD9-BB7D-9EF5-E68E-F311C87A8C7E"/>
</indexColumnUsage>
</ind_PK_UK>
<ind_PK_UK id="889881CD-CDE8-2E25-7DD3-60131F16B8CD" name="URA_POJ_POJISTKA_FK">
<createdBy>jirco</createdBy>
<createdTime>2022-12-08 20:54:24 UTC</createdTime>
<generatorID>F72F2506-3E1E-24C9-BDC4-1E6CD1D190AE</generatorID>
<ownerDesignName>MODEL 1</ownerDesignName>
<indexState>Foreign Key</indexState>
<isSurrogateKey>false</isSurrogateKey>
<indexColumnUsage>
<colUsage columnID="33FDDB2F-819E-AA5B-70AF-5F946D3C80C8"/>
</indexColumnUsage>
</ind_PK_UK>
</indexes>
</Table>