<?xml version = '1.0' encoding = 'UTF-8'?>
<Table class="oracle.dbtools.crest.model.design.relational.Table" directorySegmentName="seg_0" id="E6B5C481-AC5D-6762-2165-6F7194EAD3AC" name="KATEGORIE_MAJETEK">
<createdBy>jirco</createdBy>
<createdTime>2022-12-08 20:54:24 UTC</createdTime>
<generatorID>BDF24BC1-A161-8CE4-3889-5C56A8D20EF9</generatorID>
<ownerDesignName>MODEL 1</ownerDesignName>
<abbreviation>KAM</abbreviation>
<allowColumnReorder>false</allowColumnReorder>
<existDependencyGenerateInDDl>true</existDependencyGenerateInDDl>
<parsed>true</parsed>
<columns itemClass="oracle.dbtools.crest.model.design.relational.Column">
<Column name="ID_kat_majetku" id="6205EB8C-6E72-9AC4-AADE-C69662EE6CC6">
<createdBy>jirco</createdBy>
<createdTime>2022-12-08 20:54:24 UTC</createdTime>
<generatorID>805CD2D6-1151-02CF-D91C-58554D4E21CC</generatorID>
<ownerDesignName>MODEL 1</ownerDesignName>
<useDomainConstraints>false</useDomainConstraints>
<use>1</use>
<logicalDatatype>LOGDT019</logicalDatatype>
<ownDataTypeParameters>,,</ownDataTypeParameters>
<autoIncrementCycle>false</autoIncrementCycle>
</Column>
<Column name="nazev_kategorie" id="232D5F7E-7328-84A3-680C-153EFCE6DE2C">
<createdBy>jirco</createdBy>
<createdTime>2022-12-08 20:54:24 UTC</createdTime>
<generatorID>818E94E0-ADDF-FED7-9D6D-15254996C3AE</generatorID>
<ownerDesignName>MODEL 1</ownerDesignName>
<useDomainConstraints>false</useDomainConstraints>
<use>1</use>
<logicalDatatype>LOGDT024</logicalDatatype>
<dataTypeSize>255</dataTypeSize>
<ownDataTypeParameters>255,,</ownDataTypeParameters>
<autoIncrementCycle>false</autoIncrementCycle>
</Column>
</columns>
<indexes itemClass="oracle.dbtools.crest.model.design.relational.Index">
<ind_PK_UK id="50CEAE7F-E9CF-BC58-4D8F-B5E839DC942D" name="KATEGORIE_MAJETEK_PK">
<createdBy>jirco</createdBy>
<createdTime>2022-12-08 20:54:24 UTC</createdTime>
<generatorID>29A1C07A-588D-BC74-8452-15FC281A4F4C</generatorID>
<ownerDesignName>MODEL 1</ownerDesignName>
<pk>true</pk>
<indexState>Primary Constraint</indexState>
<isSurrogateKey>false</isSurrogateKey>
<indexColumnUsage>
<colUsage columnID="6205EB8C-6E72-9AC4-AADE-C69662EE6CC6"/>
</indexColumnUsage>
</ind_PK_UK>
</indexes>
</Table>