<?xml version = '1.0' encoding = 'UTF-8'?>
<Table class="oracle.dbtools.crest.model.design.relational.Table" directorySegmentName="seg_0" id="F2B105BA-FE65-0959-DC2A-ACC56D0231FC" name="PRIPOJISTENI">
<createdBy>jirco</createdBy>
<createdTime>2022-12-08 20:54:24 UTC</createdTime>
<generatorID>610005B3-D32D-869B-CFB5-8F7BDE255B55</generatorID>
<ownerDesignName>MODEL 1</ownerDesignName>
<abbreviation>PRI</abbreviation>
<allowColumnReorder>false</allowColumnReorder>
<existDependencyGenerateInDDl>true</existDependencyGenerateInDDl>
<parsed>true</parsed>
<columns itemClass="oracle.dbtools.crest.model.design.relational.Column">
<Column name="ID_POJ_pojisteni" id="C7802911-872C-676E-E8BD-7AA1CF4C5D16">
<createdBy>jirco</createdBy>
<createdTime>2022-12-08 20:54:24 UTC</createdTime>
<generatorID>0026C4EB-17B7-633B-89CD-280DBDD545F2</generatorID>
<ownerDesignName>MODEL 1</ownerDesignName>
<useDomainConstraints>false</useDomainConstraints>
<use>1</use>
<logicalDatatype>LOGDT019</logicalDatatype>
<ownDataTypeParameters>,,</ownDataTypeParameters>
<autoIncrementCycle>false</autoIncrementCycle>
<associations>
<colAssociation fkAssociation="EC809761-06CD-68B6-665A-20341F99FA61" referredColumn="5CAE90F2-C07C-CBC8-B10A-99C1DC44B3BE"/>
</associations>
</Column>
<Column name="ID_PRI_pripojisteni" id="F24B3C64-B15E-0277-EB7E-743CA9D6DDEC">
<createdBy>jirco</createdBy>
<createdTime>2022-12-08 20:54:24 UTC</createdTime>
<generatorID>9963BCD4-A567-943C-3AA7-81FAA4583A6F</generatorID>
<ownerDesignName>MODEL 1</ownerDesignName>
<useDomainConstraints>false</useDomainConstraints>
<use>1</use>
<logicalDatatype>LOGDT019</logicalDatatype>
<ownDataTypeParameters>,,</ownDataTypeParameters>
<autoIncrementCycle>false</autoIncrementCycle>
</Column>
<Column name="PRI_druh" id="2C77B19D-D179-29BC-B2DE-30D201AD9B9B">
<createdBy>jirco</createdBy>
<createdTime>2022-12-08 20:54:24 UTC</createdTime>
<generatorID>C291785A-4C05-2F71-7BE3-343229E08A93</generatorID>
<ownerDesignName>MODEL 1</ownerDesignName>
<nullsAllowed>true</nullsAllowed>
<useDomainConstraints>false</useDomainConstraints>
<use>1</use>
<logicalDatatype>LOGDT024</logicalDatatype>
<dataTypeSize>255</dataTypeSize>
<ownDataTypeParameters>255,,</ownDataTypeParameters>
<autoIncrementCycle>false</autoIncrementCycle>
</Column>
<Column name="PRI_pouze_zem" id="67146904-4B04-DF39-D333-75AADF795C4C">
<createdBy>jirco</createdBy>
<createdTime>2022-12-08 20:54:24 UTC</createdTime>
<generatorID>B780C4F1-F5F4-9194-38E2-E85F2A0B8875</generatorID>
<ownerDesignName>MODEL 1</ownerDesignName>
<nullsAllowed>true</nullsAllowed>
<useDomainConstraints>false</useDomainConstraints>
<use>1</use>
<logicalDatatype>LOGDT024</logicalDatatype>
<dataTypeSize>255</dataTypeSize>
<ownDataTypeParameters>255,,</ownDataTypeParameters>
<autoIncrementCycle>false</autoIncrementCycle>
</Column>
<Column name="PRI_cena_nad" id="EA551FA6-E1EE-F7D5-CA90-4C3782D7F14C">
<createdBy>jirco</createdBy>
<createdTime>2022-12-08 20:54:24 UTC</createdTime>
<generatorID>127D60A1-9583-B46A-25F2-97AA2DB10E48</generatorID>
<ownerDesignName>MODEL 1</ownerDesignName>
<useDomainConstraints>false</useDomainConstraints>
<use>1</use>
<logicalDatatype>LOGDT024</logicalDatatype>
<dataTypeSize>MAX</dataTypeSize>
<ownDataTypeParameters>MAX,,</ownDataTypeParameters>
<autoIncrementCycle>false</autoIncrementCycle>
</Column>
</columns>
<indexes itemClass="oracle.dbtools.crest.model.design.relational.Index">
<ind_PK_UK id="AA3711C2-2847-B081-0E27-29ED5273F661" name="PRIPOJISTENI_PK">
<createdBy>jirco</createdBy>
<createdTime>2022-12-08 20:54:24 UTC</createdTime>
<generatorID>476C49FB-EA8A-207B-67C1-17207C3A77FC</generatorID>
<ownerDesignName>MODEL 1</ownerDesignName>
<pk>true</pk>
<indexState>Primary Constraint</indexState>
<isSurrogateKey>false</isSurrogateKey>
<indexColumnUsage>
<colUsage columnID="C7802911-872C-676E-E8BD-7AA1CF4C5D16"/>
</indexColumnUsage>
</ind_PK_UK>
<ind_PK_UK id="F5D75ECE-DAD6-C1A6-7377-CF00AF9DD096" name="PRIPOJISTENI_PKv1">
<createdBy>jirco</createdBy>
<createdTime>2022-12-08 20:54:24 UTC</createdTime>
<generatorID>8739EF94-8B07-6C59-6140-C4F1C02AD462</generatorID>
<ownerDesignName>MODEL 1</ownerDesignName>
<indexState>Unique Constraint</indexState>
<isSurrogateKey>false</isSurrogateKey>
<indexColumnUsage>
<colUsage columnID="F24B3C64-B15E-0277-EB7E-743CA9D6DDEC"/>
</indexColumnUsage>
</ind_PK_UK>
<ind_PK_UK id="5D72665D-275A-73FE-0CCF-0A414772EFBB" name="PRI_POJISTKA_FK">
<createdBy>jirco</createdBy>
<createdTime>2022-12-08 20:54:24 UTC</createdTime>
<generatorID>6220CA5C-4373-CFA7-22D6-AA54B6808A7B</generatorID>
<ownerDesignName>MODEL 1</ownerDesignName>
<indexState>Foreign Key</indexState>
<isSurrogateKey>false</isSurrogateKey>
<indexColumnUsage>
<colUsage columnID="C7802911-872C-676E-E8BD-7AA1CF4C5D16"/>
</indexColumnUsage>
</ind_PK_UK>
</indexes>
</Table>