<?xml version = '1.0' encoding = 'UTF-8'?>
<FKIndexAssociation class="oracle.dbtools.crest.model.design.relational.FKIndexAssociation" directorySegmentName="seg_0" id="03C993AF-C5BA-A043-4963-3F9ED7C66B5C" containerWithKeyObject="CA21D351-DD89-B100-5367-3E7F190295D5" localFKIndex="A1BE77A8-A4A4-C7AA-739B-48340AAADA61" name="ZAM_ADRESA_FK">
<createdBy>jirco</createdBy>
<createdTime>2022-12-08 20:54:24 UTC</createdTime>
<generatorID>C0A8E9B7-FF83-9877-0C64-AE93EABAD649</generatorID>
<ownerDesignName>MODEL 1</ownerDesignName>
<referredTableLongName>ADRESA</referredTableLongName>
<deleteRule>NO ACTION</deleteRule>
<referredTableID>12645353-AE90-8A49-F8DE-7DDAFAB143AF</referredTableID>
<keyObject>D7AAFC4B-BD5A-E5BD-1CC2-C99DC0356137</keyObject>
<referredKeyID>D7AAFC4B-BD5A-E5BD-1CC2-C99DC0356137</referredKeyID>
<mandatory>false</mandatory>
<refColNames>ID_adresa</refColNames>
<transferable>true</transferable>
<rely>false</rely>
<columnDependencyConstraintGenerateInDDL>true</columnDependencyConstraintGenerateInDDL>
</FKIndexAssociation>