<?xml version = '1.0' encoding = 'UTF-8'?>
<FKIndexAssociation class="oracle.dbtools.crest.model.design.relational.FKIndexAssociation" directorySegmentName="seg_0" id="1C588C62-E97D-3D56-1AB1-B01CE85A8198" containerWithKeyObject="12645353-AE90-8A49-F8DE-7DDAFAB143AF" localFKIndex="B407F894-7031-D1C8-E500-D8EFCA6E1354" name="ADR_KRAJ_FK">
<createdBy>jirco</createdBy>
<createdTime>2022-12-08 20:54:24 UTC</createdTime>
<generatorID>D405EAFA-2B8E-E0A5-7876-4BF1B122E0D2</generatorID>
<ownerDesignName>MODEL 1</ownerDesignName>
<referredTableLongName>KRAJ</referredTableLongName>
<deleteRule>NO ACTION</deleteRule>
<referredTableID>ECDA9AC7-286F-2F01-7EC1-356E53344F55</referredTableID>
<keyObject>76989B33-D3E2-9384-9329-D45257AA7542</keyObject>
<referredKeyID>76989B33-D3E2-9384-9329-D45257AA7542</referredKeyID>
<mandatory>false</mandatory>
<refColNames>ID_kraj</refColNames>
<transferable>true</transferable>
<rely>false</rely>
<columnDependencyConstraintGenerateInDDL>true</columnDependencyConstraintGenerateInDDL>
</FKIndexAssociation>