<?xml version = '1.0' encoding = 'UTF-8'?>
<FKIndexAssociation class="oracle.dbtools.crest.model.design.relational.FKIndexAssociation" directorySegmentName="seg_0" id="1FBEBF66-0677-BAA6-B953-575F468B8D34" containerWithKeyObject="295FF1EF-A479-F850-CC3E-356ADD7348BC" localFKIndex="B6F2A23E-3DD6-1718-4A84-28F31C7FBBE1" name="POB_ADRESA_FK">
<createdBy>jirco</createdBy>
<createdTime>2022-12-08 20:54:24 UTC</createdTime>
<generatorID>3AEEDB86-0F51-7AD5-CE8B-2DF9DB84F7B6</generatorID>
<ownerDesignName>MODEL 1</ownerDesignName>
<referredTableLongName>ADRESA</referredTableLongName>
<deleteRule>NO ACTION</deleteRule>
<referredTableID>12645353-AE90-8A49-F8DE-7DDAFAB143AF</referredTableID>
<keyObject>D7AAFC4B-BD5A-E5BD-1CC2-C99DC0356137</keyObject>
<referredKeyID>D7AAFC4B-BD5A-E5BD-1CC2-C99DC0356137</referredKeyID>
<mandatory>false</mandatory>
<refColNames>ID_adresa</refColNames>
<transferable>true</transferable>
<rely>false</rely>
<columnDependencyConstraintGenerateInDDL>true</columnDependencyConstraintGenerateInDDL>
</FKIndexAssociation>