<?xml version = '1.0' encoding = 'UTF-8'?>
<FKIndexAssociation class="oracle.dbtools.crest.model.design.relational.FKIndexAssociation" directorySegmentName="seg_0" id="45865E28-6460-8EE5-4EEC-2C75EB443842" containerWithKeyObject="07BA6231-6389-86CA-0AF4-1E59B4B86768" localFKIndex="2A038B60-7069-7258-1BE1-48B3452384B2" name="KLI_KONTAKT_FK">
<createdBy>jirco</createdBy>
<createdTime>2022-12-08 20:54:24 UTC</createdTime>
<generatorID>4546F096-CB7C-D27A-D024-1E130CAB3F6C</generatorID>
<ownerDesignName>MODEL 1</ownerDesignName>
<referredTableLongName>KONTAKT</referredTableLongName>
<deleteRule>NO ACTION</deleteRule>
<referredTableID>3F6B672A-D375-5664-9C36-34B09003ED1A</referredTableID>
<keyObject>F47672B8-2E32-3A7D-D0D5-FFA2294AD7E4</keyObject>
<referredKeyID>F47672B8-2E32-3A7D-D0D5-FFA2294AD7E4</referredKeyID>
<mandatory>false</mandatory>
<refColNames>ID_kontakt</refColNames>
<transferable>true</transferable>
<rely>false</rely>
<columnDependencyConstraintGenerateInDDL>true</columnDependencyConstraintGenerateInDDL>
</FKIndexAssociation>