<?xml version = '1.0' encoding = 'UTF-8'?>
<FKIndexAssociation class="oracle.dbtools.crest.model.design.relational.FKIndexAssociation" directorySegmentName="seg_0" id="462057F0-5FAB-37EC-6A21-CF057303110C" containerWithKeyObject="D2BBB564-EE25-C536-C841-B51D868D9751" localFKIndex="5AF13DF6-6A8E-7559-473D-748EF1976571" name="zam_poj_POJISTKA_FK">
<createdBy>jirco</createdBy>
<createdTime>2022-12-08 20:54:24 UTC</createdTime>
<generatorID>D5A3277F-BCC6-4605-C6C7-FAD9BA0EAB6B</generatorID>
<ownerDesignName>MODEL 1</ownerDesignName>
<referredTableLongName>POJISTKA</referredTableLongName>
<deleteRule>NO ACTION</deleteRule>
<referredTableID>A8BE04CC-93FB-AAFC-36A6-73A96948575D</referredTableID>
<keyObject>7CB58541-E304-F17F-5A2E-DCCFC4B0664E</keyObject>
<referredKeyID>7CB58541-E304-F17F-5A2E-DCCFC4B0664E</referredKeyID>
<mandatory>true</mandatory>
<refColNames>ID_POJ_pojisteni</refColNames>
<transferable>true</transferable>
<rely>false</rely>
<columnDependencyConstraintGenerateInDDL>true</columnDependencyConstraintGenerateInDDL>
</FKIndexAssociation>