<?xml version = '1.0' encoding = 'UTF-8'?>
<FKIndexAssociation class="oracle.dbtools.crest.model.design.relational.FKIndexAssociation" directorySegmentName="seg_0" id="58678D73-60F6-E92B-68E0-0A8CCD09F7BB" containerWithKeyObject="08C62321-58E6-871F-ED41-E9F2E93D6201" localFKIndex="7FFD6CA7-F01C-348C-14AD-1626767FF2C3" name="BAN_KONTAKT_FK">
<createdBy>jirco</createdBy>
<createdTime>2022-12-08 20:54:24 UTC</createdTime>
<generatorID>EBD1D455-7B0A-84DF-A20A-2F501CFAB18F</generatorID>
<ownerDesignName>MODEL 1</ownerDesignName>
<referredTableLongName>KONTAKT</referredTableLongName>
<deleteRule>NO ACTION</deleteRule>
<referredTableID>3F6B672A-D375-5664-9C36-34B09003ED1A</referredTableID>
<keyObject>F47672B8-2E32-3A7D-D0D5-FFA2294AD7E4</keyObject>
<referredKeyID>F47672B8-2E32-3A7D-D0D5-FFA2294AD7E4</referredKeyID>
<mandatory>false</mandatory>
<refColNames>ID_kontakt</refColNames>
<transferable>true</transferable>
<rely>false</rely>
<columnDependencyConstraintGenerateInDDL>true</columnDependencyConstraintGenerateInDDL>
</FKIndexAssociation>