<?xml version = '1.0' encoding = 'UTF-8'?>
<FKIndexAssociation class="oracle.dbtools.crest.model.design.relational.FKIndexAssociation" directorySegmentName="seg_0" id="60943AC4-990A-B602-4C99-0BC77BCA2B2D" containerWithKeyObject="47AE4D37-E7CA-5B0A-596B-E3AAD560911E" localFKIndex="AE2B81DE-2971-E836-A4F3-4F8EAD3029D6" name="zam_pob_ZAMESTNANEC_FK">
<createdBy>jirco</createdBy>
<createdTime>2022-12-08 20:54:24 UTC</createdTime>
<generatorID>3C9AADC7-D4A1-609E-B3E1-76ADFC9A4ABC</generatorID>
<ownerDesignName>MODEL 1</ownerDesignName>
<referredTableLongName>ZAMESTNANEC</referredTableLongName>
<deleteRule>NO ACTION</deleteRule>
<referredTableID>CA21D351-DD89-B100-5367-3E7F190295D5</referredTableID>
<keyObject>C7F3AE16-1FD0-BCF1-04D1-740A0D36207E</keyObject>
<referredKeyID>C7F3AE16-1FD0-BCF1-04D1-740A0D36207E</referredKeyID>
<mandatory>true</mandatory>
<refColNames>ID_zam</refColNames>
<transferable>true</transferable>
<rely>false</rely>
<columnDependencyConstraintGenerateInDDL>true</columnDependencyConstraintGenerateInDDL>
</FKIndexAssociation>