<?xml version = '1.0' encoding = 'UTF-8'?>
<FKIndexAssociation class="oracle.dbtools.crest.model.design.relational.FKIndexAssociation" directorySegmentName="seg_0" id="692C50F7-54B0-C5C4-08D2-07392A1EBA08" containerWithKeyObject="47AE4D37-E7CA-5B0A-596B-E3AAD560911E" localFKIndex="C2C44FBA-B5A4-2B18-565F-6D00EB1D90F9" name="zam_pob_POBOCKA_FK">
<createdBy>jirco</createdBy>
<createdTime>2022-12-08 20:54:24 UTC</createdTime>
<generatorID>3C9AADC7-D4A1-609E-B3E1-76ADFC9A4ABC</generatorID>
<ownerDesignName>MODEL 1</ownerDesignName>
<referredTableLongName>POBOCKA</referredTableLongName>
<deleteRule>NO ACTION</deleteRule>
<referredTableID>295FF1EF-A479-F850-CC3E-356ADD7348BC</referredTableID>
<keyObject>4944EAED-EC6C-ECB7-E26E-02B772981F06</keyObject>
<referredKeyID>4944EAED-EC6C-ECB7-E26E-02B772981F06</referredKeyID>
<mandatory>true</mandatory>
<refColNames>ID_pobocka</refColNames>
<transferable>true</transferable>
<rely>false</rely>
<columnDependencyConstraintGenerateInDDL>true</columnDependencyConstraintGenerateInDDL>
</FKIndexAssociation>