<?xml version = '1.0' encoding = 'UTF-8'?>
<FKIndexAssociation class="oracle.dbtools.crest.model.design.relational.FKIndexAssociation" directorySegmentName="seg_0" id="6A503F1A-329D-8348-9ACB-EA5A35C467EE" containerWithKeyObject="87FC6E9F-EC1C-D862-F869-F077D399C74C" localFKIndex="41145E08-D88D-C09D-41B8-55626D765671" name="MAJ_POJ_POJISTKA_FK">
<createdBy>jirco</createdBy>
<createdTime>2022-12-08 20:54:24 UTC</createdTime>
<generatorID>38BB4309-5DEF-51BC-1552-C8FF35AFBBEF</generatorID>
<ownerDesignName>MODEL 1</ownerDesignName>
<referredTableLongName>POJISTKA</referredTableLongName>
<arc>6E89253F-AB6F-493A-D08D-C4369CEB3F29</arc>
<deleteRule>NO ACTION</deleteRule>
<referredTableID>A8BE04CC-93FB-AAFC-36A6-73A96948575D</referredTableID>
<keyObject>7CB58541-E304-F17F-5A2E-DCCFC4B0664E</keyObject>
<referredKeyID>7CB58541-E304-F17F-5A2E-DCCFC4B0664E</referredKeyID>
<mandatory>true</mandatory>
<refColNames>ID_POJ_pojisteni</refColNames>
<transferable>true</transferable>
<rely>false</rely>
<discriminatorValue>m</discriminatorValue>
<columnDependencyConstraintGenerateInDDL>true</columnDependencyConstraintGenerateInDDL>
</FKIndexAssociation>