<?xml version = '1.0' encoding = 'UTF-8'?>
<FKIndexAssociation class="oracle.dbtools.crest.model.design.relational.FKIndexAssociation" directorySegmentName="seg_0" id="6BE91D73-9EC9-5D2F-05AA-74D7A08C14ED" containerWithKeyObject="1B0F3281-7963-99DC-9C37-3865AD2E2152" localFKIndex="89D5F062-6BDD-8BC4-B6B1-883084922623" name="poj_kli_KLIENT_FK">
<createdBy>jirco</createdBy>
<createdTime>2022-12-08 20:54:24 UTC</createdTime>
<generatorID>0D7F8BE7-57A3-EE90-B86F-C9EC4705673A</generatorID>
<ownerDesignName>MODEL 1</ownerDesignName>
<referredTableLongName>KLIENT</referredTableLongName>
<deleteRule>NO ACTION</deleteRule>
<referredTableID>07BA6231-6389-86CA-0AF4-1E59B4B86768</referredTableID>
<keyObject>E9A842C2-84A3-8ABC-3FD3-3BAAF9341FCF</keyObject>
<referredKeyID>E9A842C2-84A3-8ABC-3FD3-3BAAF9341FCF</referredKeyID>
<mandatory>true</mandatory>
<refColNames>ID_klient</refColNames>
<transferable>true</transferable>
<rely>false</rely>
<columnDependencyConstraintGenerateInDDL>true</columnDependencyConstraintGenerateInDDL>
</FKIndexAssociation>