<?xml version = '1.0' encoding = 'UTF-8'?>
<FKIndexAssociation class="oracle.dbtools.crest.model.design.relational.FKIndexAssociation" directorySegmentName="seg_0" id="72898A7F-861E-13CE-80D6-249B42DAAEF1" containerWithKeyObject="D2BBB564-EE25-C536-C841-B51D868D9751" localFKIndex="23C1FD9F-C841-E34B-2F21-60FC419491F5" name="zam_poj_ZAMESTNANEC_FK">
<createdBy>jirco</createdBy>
<createdTime>2022-12-08 20:54:24 UTC</createdTime>
<generatorID>D5A3277F-BCC6-4605-C6C7-FAD9BA0EAB6B</generatorID>
<ownerDesignName>MODEL 1</ownerDesignName>
<referredTableLongName>ZAMESTNANEC</referredTableLongName>
<deleteRule>NO ACTION</deleteRule>
<referredTableID>CA21D351-DD89-B100-5367-3E7F190295D5</referredTableID>
<keyObject>C7F3AE16-1FD0-BCF1-04D1-740A0D36207E</keyObject>
<referredKeyID>C7F3AE16-1FD0-BCF1-04D1-740A0D36207E</referredKeyID>
<mandatory>true</mandatory>
<refColNames>ID_zam</refColNames>
<transferable>true</transferable>
<rely>false</rely>
<columnDependencyConstraintGenerateInDDL>true</columnDependencyConstraintGenerateInDDL>
</FKIndexAssociation>