<?xml version = '1.0' encoding = 'UTF-8'?>
<FKIndexAssociation class="oracle.dbtools.crest.model.design.relational.FKIndexAssociation" directorySegmentName="seg_0" id="79BBF8E6-3EA0-1F76-4E7B-CF82F2ED4E5E" containerWithKeyObject="1B0F3281-7963-99DC-9C37-3865AD2E2152" localFKIndex="862D3258-3F8A-C038-A8B9-D84EDDE86D90" name="poj_kli_POJISTKA_FK">
<createdBy>jirco</createdBy>
<createdTime>2022-12-08 20:54:24 UTC</createdTime>
<generatorID>0D7F8BE7-57A3-EE90-B86F-C9EC4705673A</generatorID>
<ownerDesignName>MODEL 1</ownerDesignName>
<referredTableLongName>POJISTKA</referredTableLongName>
<deleteRule>NO ACTION</deleteRule>
<referredTableID>A8BE04CC-93FB-AAFC-36A6-73A96948575D</referredTableID>
<keyObject>7CB58541-E304-F17F-5A2E-DCCFC4B0664E</keyObject>
<referredKeyID>7CB58541-E304-F17F-5A2E-DCCFC4B0664E</referredKeyID>
<mandatory>true</mandatory>
<refColNames>ID_POJ_pojisteni</refColNames>
<transferable>true</transferable>
<rely>false</rely>
<columnDependencyConstraintGenerateInDDL>true</columnDependencyConstraintGenerateInDDL>
</FKIndexAssociation>