<?xml version = '1.0' encoding = 'UTF-8'?>
<FKIndexAssociation class="oracle.dbtools.crest.model.design.relational.FKIndexAssociation" directorySegmentName="seg_0" id="865F67D8-3AB9-68D6-D6C7-592492C0E948" containerWithKeyObject="08C62321-58E6-871F-ED41-E9F2E93D6201" localFKIndex="B073B9B1-74B0-029E-C7B1-3F48C608E29A" name="BAN_ADRESA_FK">
<createdBy>jirco</createdBy>
<createdTime>2022-12-08 20:54:24 UTC</createdTime>
<generatorID>C4F5DBBC-EE8F-62AE-5678-E37A71084898</generatorID>
<ownerDesignName>MODEL 1</ownerDesignName>
<referredTableLongName>ADRESA</referredTableLongName>
<deleteRule>NO ACTION</deleteRule>
<referredTableID>12645353-AE90-8A49-F8DE-7DDAFAB143AF</referredTableID>
<keyObject>D7AAFC4B-BD5A-E5BD-1CC2-C99DC0356137</keyObject>
<referredKeyID>D7AAFC4B-BD5A-E5BD-1CC2-C99DC0356137</referredKeyID>
<mandatory>true</mandatory>
<refColNames>ID_adresa</refColNames>
<transferable>true</transferable>
<rely>false</rely>
<columnDependencyConstraintGenerateInDDL>true</columnDependencyConstraintGenerateInDDL>
</FKIndexAssociation>