<?xml version = '1.0' encoding = 'UTF-8'?>
<FKIndexAssociation class="oracle.dbtools.crest.model.design.relational.FKIndexAssociation" directorySegmentName="seg_0" id="93F741C3-01DA-5F58-DD63-13D7E6CAC0F3" containerWithKeyObject="A8BE04CC-93FB-AAFC-36A6-73A96948575D" localFKIndex="EB166A26-F471-436E-C740-1F6821D922DE" name="POJ_POVINOSTI_FK">
<createdBy>jirco</createdBy>
<createdTime>2022-12-08 20:54:24 UTC</createdTime>
<generatorID>3624E5B7-E247-5523-5B31-08BA98A0AEFB</generatorID>
<ownerDesignName>MODEL 1</ownerDesignName>
<referredTableLongName>POVINOSTI</referredTableLongName>
<deleteRule>NO ACTION</deleteRule>
<referredTableID>F6F5627A-1EE1-66A0-82FC-243CDB68E4E9</referredTableID>
<keyObject>AE99D224-1269-326C-0BC1-3559BDCF5657</keyObject>
<referredKeyID>AE99D224-1269-326C-0BC1-3559BDCF5657</referredKeyID>
<mandatory>true</mandatory>
<refColNames>ID_POV_povinosti</refColNames>
<transferable>true</transferable>
<rely>false</rely>
<columnDependencyConstraintGenerateInDDL>true</columnDependencyConstraintGenerateInDDL>
</FKIndexAssociation>