<?xml version = '1.0' encoding = 'UTF-8'?>
<FKIndexAssociation class="oracle.dbtools.crest.model.design.relational.FKIndexAssociation" directorySegmentName="seg_0" id="99E5ADD3-C9ED-CE5A-777C-0DC38F5BB24D" containerWithKeyObject="CA21D351-DD89-B100-5367-3E7F190295D5" localFKIndex="BADEE4B3-59E1-054E-1753-7D193CD4C220" name="ZAM_POZICE_FK">
<createdBy>jirco</createdBy>
<createdTime>2022-12-08 20:54:24 UTC</createdTime>
<generatorID>2AEE501C-9647-89C6-67B5-24A395C17635</generatorID>
<ownerDesignName>MODEL 1</ownerDesignName>
<referredTableLongName>POZICE</referredTableLongName>
<deleteRule>NO ACTION</deleteRule>
<referredTableID>5D75B442-58CB-3BEB-208E-E08F88D105CE</referredTableID>
<keyObject>219394F7-6BA0-1C50-C12C-2A9988067B51</keyObject>
<referredKeyID>219394F7-6BA0-1C50-C12C-2A9988067B51</referredKeyID>
<mandatory>true</mandatory>
<refColNames>ID_pozice</refColNames>
<transferable>true</transferable>
<rely>false</rely>
<columnDependencyConstraintGenerateInDDL>true</columnDependencyConstraintGenerateInDDL>
</FKIndexAssociation>