<?xml version = '1.0' encoding = 'UTF-8'?>
<FKIndexAssociation class="oracle.dbtools.crest.model.design.relational.FKIndexAssociation" directorySegmentName="seg_0" id="A4371B38-7FD6-36C3-9F3C-D8B05B5D802B" containerWithKeyObject="04E985C4-BF9C-83AA-90B5-C20A89AC1360" localFKIndex="1F84D332-C4F3-6D41-32D8-80823AEFD0AB" name="POH_POVINOSTI_FK">
<createdBy>jirco</createdBy>
<createdTime>2022-12-08 20:54:24 UTC</createdTime>
<generatorID>3A447B73-BF0D-D3CF-9334-F9E737B9DB1C</generatorID>
<ownerDesignName>MODEL 1</ownerDesignName>
<referredTableLongName>POVINOSTI</referredTableLongName>
<arc>C702EA72-6B81-7038-3709-DE8164FF96AD</arc>
<deleteRule>NO ACTION</deleteRule>
<referredTableID>F6F5627A-1EE1-66A0-82FC-243CDB68E4E9</referredTableID>
<keyObject>AE99D224-1269-326C-0BC1-3559BDCF5657</keyObject>
<referredKeyID>AE99D224-1269-326C-0BC1-3559BDCF5657</referredKeyID>
<mandatory>true</mandatory>
<refColNames>ID_POV_povinosti</refColNames>
<transferable>true</transferable>
<rely>false</rely>
<discriminatorValue>p</discriminatorValue>
<columnDependencyConstraintGenerateInDDL>true</columnDependencyConstraintGenerateInDDL>
</FKIndexAssociation>