<?xml version = '1.0' encoding = 'UTF-8'?>
<FKIndexAssociation class="oracle.dbtools.crest.model.design.relational.FKIndexAssociation" directorySegmentName="seg_0" id="A4ED1E17-581A-0026-D07C-259E5A5D930E" containerWithKeyObject="07BA6231-6389-86CA-0AF4-1E59B4B86768" localFKIndex="39FF6554-D5A3-BD05-3CDF-B57C765B12BD" name="KLI_BANKA_FK">
<createdBy>jirco</createdBy>
<createdTime>2022-12-09 03:03:58 UTC</createdTime>
<generatorID>DB6F0DC7-55FB-37C1-4C45-0A92E62490D2</generatorID>
<ownerDesignName>MODEL 1</ownerDesignName>
<referredTableLongName>BANKA</referredTableLongName>
<deleteRule>NO ACTION</deleteRule>
<referredTableID>08C62321-58E6-871F-ED41-E9F2E93D6201</referredTableID>
<keyObject>3B580A21-472A-0D48-82CB-AC50E5BD1104</keyObject>
<referredKeyID>3B580A21-472A-0D48-82CB-AC50E5BD1104</referredKeyID>
<mandatory>false</mandatory>
<refColNames>ID_banka</refColNames>
<transferable>true</transferable>
<rely>false</rely>
<columnDependencyConstraintGenerateInDDL>true</columnDependencyConstraintGenerateInDDL>
</FKIndexAssociation>