<?xml version = '1.0' encoding = 'UTF-8'?>
<FKIndexAssociation class="oracle.dbtools.crest.model.design.relational.FKIndexAssociation" directorySegmentName="seg_0" id="C17E5939-B869-EDB9-CBD9-8FFF4FCBFF11" containerWithKeyObject="02EB5709-CE2D-6D3F-4C29-0135CCA28405" localFKIndex="07F7FEB1-FBA5-3B8B-8DED-1BBA9EEE0BCC" name="ZAV_POVINOSTI_FK">
<createdBy>jirco</createdBy>
<createdTime>2022-12-08 20:54:24 UTC</createdTime>
<generatorID>EF1CD262-77AE-9A08-EFAD-9105DBA39589</generatorID>
<ownerDesignName>MODEL 1</ownerDesignName>
<referredTableLongName>POVINOSTI</referredTableLongName>
<arc>C702EA72-6B81-7038-3709-DE8164FF96AD</arc>
<deleteRule>NO ACTION</deleteRule>
<referredTableID>F6F5627A-1EE1-66A0-82FC-243CDB68E4E9</referredTableID>
<keyObject>AE99D224-1269-326C-0BC1-3559BDCF5657</keyObject>
<referredKeyID>AE99D224-1269-326C-0BC1-3559BDCF5657</referredKeyID>
<mandatory>true</mandatory>
<refColNames>ID_POV_povinosti</refColNames>
<transferable>true</transferable>
<rely>false</rely>
<discriminatorValue>z</discriminatorValue>
<columnDependencyConstraintGenerateInDDL>true</columnDependencyConstraintGenerateInDDL>
</FKIndexAssociation>