<?xml version = '1.0' encoding = 'UTF-8'?>
<FKIndexAssociation class="oracle.dbtools.crest.model.design.relational.FKIndexAssociation" directorySegmentName="seg_0" id="C9EB5647-895D-D124-0FF9-446333059C86" containerWithKeyObject="CA21D351-DD89-B100-5367-3E7F190295D5" localFKIndex="F93005A1-B757-1B81-3270-E2B40EF0175C" name="ZAM_KONTAKT_FK">
<createdBy>jirco</createdBy>
<createdTime>2022-12-08 20:54:24 UTC</createdTime>
<generatorID>3E221B13-2BE1-5CE4-9B23-56EF7E438D10</generatorID>
<ownerDesignName>MODEL 1</ownerDesignName>
<referredTableLongName>KONTAKT</referredTableLongName>
<deleteRule>NO ACTION</deleteRule>
<referredTableID>3F6B672A-D375-5664-9C36-34B09003ED1A</referredTableID>
<keyObject>F47672B8-2E32-3A7D-D0D5-FFA2294AD7E4</keyObject>
<referredKeyID>F47672B8-2E32-3A7D-D0D5-FFA2294AD7E4</referredKeyID>
<mandatory>false</mandatory>
<refColNames>ID_kontakt</refColNames>
<transferable>true</transferable>
<rely>false</rely>
<columnDependencyConstraintGenerateInDDL>true</columnDependencyConstraintGenerateInDDL>
</FKIndexAssociation>