<?xml version = '1.0' encoding = 'UTF-8'?>
<FKIndexAssociation class="oracle.dbtools.crest.model.design.relational.FKIndexAssociation" directorySegmentName="seg_0" id="CB5F936B-F9A0-2CB3-EC08-0187CA663028" containerWithKeyObject="07BA6231-6389-86CA-0AF4-1E59B4B86768" localFKIndex="BEEA4215-830F-D446-0767-F10E4C60397C" name="KLI_ADRESA_FK">
<createdBy>jirco</createdBy>
<createdTime>2022-12-08 20:54:24 UTC</createdTime>
<generatorID>AE8D8ECD-9EFA-2789-35F2-9114CE365F3C</generatorID>
<ownerDesignName>MODEL 1</ownerDesignName>
<referredTableLongName>ADRESA</referredTableLongName>
<deleteRule>NO ACTION</deleteRule>
<referredTableID>12645353-AE90-8A49-F8DE-7DDAFAB143AF</referredTableID>
<keyObject>D7AAFC4B-BD5A-E5BD-1CC2-C99DC0356137</keyObject>
<referredKeyID>D7AAFC4B-BD5A-E5BD-1CC2-C99DC0356137</referredKeyID>
<mandatory>false</mandatory>
<refColNames>ID_adresa</refColNames>
<transferable>true</transferable>
<rely>false</rely>
<columnDependencyConstraintGenerateInDDL>true</columnDependencyConstraintGenerateInDDL>
</FKIndexAssociation>