<?xml version = '1.0' encoding = 'UTF-8'?>
<FKIndexAssociation class="oracle.dbtools.crest.model.design.relational.FKIndexAssociation" directorySegmentName="seg_0" id="DAFB695F-3B5F-F65C-E62B-327564F3D897" containerWithKeyObject="E1C54BB9-7553-E6C5-58D4-EE81DA11C871" localFKIndex="889881CD-CDE8-2E25-7DD3-60131F16B8CD" name="URA_POJ_POJISTKA_FK">
<createdBy>jirco</createdBy>
<createdTime>2022-12-08 20:54:24 UTC</createdTime>
<generatorID>F72F2506-3E1E-24C9-BDC4-1E6CD1D190AE</generatorID>
<ownerDesignName>MODEL 1</ownerDesignName>
<referredTableLongName>POJISTKA</referredTableLongName>
<arc>6E89253F-AB6F-493A-D08D-C4369CEB3F29</arc>
<deleteRule>NO ACTION</deleteRule>
<referredTableID>A8BE04CC-93FB-AAFC-36A6-73A96948575D</referredTableID>
<keyObject>7CB58541-E304-F17F-5A2E-DCCFC4B0664E</keyObject>
<referredKeyID>7CB58541-E304-F17F-5A2E-DCCFC4B0664E</referredKeyID>
<mandatory>true</mandatory>
<refColNames>ID_POJ_pojisteni</refColNames>
<transferable>true</transferable>
<rely>false</rely>
<discriminatorValue>u</discriminatorValue>
<columnDependencyConstraintGenerateInDDL>true</columnDependencyConstraintGenerateInDDL>
</FKIndexAssociation>