<?xml version = '1.0' encoding = 'UTF-8'?>
<FKIndexAssociation class="oracle.dbtools.crest.model.design.relational.FKIndexAssociation" directorySegmentName="seg_0" id="EC809761-06CD-68B6-665A-20341F99FA61" containerWithKeyObject="F2B105BA-FE65-0959-DC2A-ACC56D0231FC" localFKIndex="5D72665D-275A-73FE-0CCF-0A414772EFBB" name="PRI_POJISTKA_FK">
<createdBy>jirco</createdBy>
<createdTime>2022-12-08 20:54:24 UTC</createdTime>
<generatorID>6220CA5C-4373-CFA7-22D6-AA54B6808A7B</generatorID>
<ownerDesignName>MODEL 1</ownerDesignName>
<referredTableLongName>POJISTKA</referredTableLongName>
<arc>6E89253F-AB6F-493A-D08D-C4369CEB3F29</arc>
<deleteRule>NO ACTION</deleteRule>
<referredTableID>A8BE04CC-93FB-AAFC-36A6-73A96948575D</referredTableID>
<keyObject>7CB58541-E304-F17F-5A2E-DCCFC4B0664E</keyObject>
<referredKeyID>7CB58541-E304-F17F-5A2E-DCCFC4B0664E</referredKeyID>
<mandatory>true</mandatory>
<refColNames>ID_POJ_pojisteni</refColNames>
<transferable>true</transferable>
<rely>false</rely>
<discriminatorValue>p</discriminatorValue>
<columnDependencyConstraintGenerateInDDL>true</columnDependencyConstraintGenerateInDDL>
</FKIndexAssociation>