<?xml version = '1.0' encoding = 'UTF-8'?>
<FKIndexAssociation class="oracle.dbtools.crest.model.design.relational.FKIndexAssociation" directorySegmentName="seg_0" id="FC35D583-AFCC-77A5-D56E-8CF9B2D84ECC" containerWithKeyObject="87FC6E9F-EC1C-D862-F869-F077D399C74C" localFKIndex="5DB3A732-D32B-7DAE-2B04-75A5814EC6B1" name="MAJ_POJ_KMAJETEK_FK">
<createdBy>jirco</createdBy>
<createdTime>2022-12-08 20:54:24 UTC</createdTime>
<generatorID>9016EB4D-6B36-5EC4-6583-FFD3D1C771C9</generatorID>
<ownerDesignName>MODEL 1</ownerDesignName>
<referredTableLongName>KATEGORIE_MAJETEK</referredTableLongName>
<deleteRule>NO ACTION</deleteRule>
<referredTableID>E6B5C481-AC5D-6762-2165-6F7194EAD3AC</referredTableID>
<keyObject>50CEAE7F-E9CF-BC58-4D8F-B5E839DC942D</keyObject>
<referredKeyID>50CEAE7F-E9CF-BC58-4D8F-B5E839DC942D</referredKeyID>
<mandatory>false</mandatory>
<refColNames>ID_kat_majetku</refColNames>
<transferable>true</transferable>
<rely>false</rely>
<columnDependencyConstraintGenerateInDDL>true</columnDependencyConstraintGenerateInDDL>
</FKIndexAssociation>