<?xml version = '1.0' encoding = 'UTF-8'?>
<Entity class="oracle.dbtools.crest.model.design.logical.Entity" directorySegmentName="seg_0" id="0D34DAC4-F510-6BF7-CDD2-6693ECFF0644" name="KRAJ">
<createdBy>jirco</createdBy>
<createdTime>2022-12-08 18:15:10 UTC</createdTime>
<ownerDesignName>MODEL 1</ownerDesignName>
<engineerTo>
<item key="B34DE783-BD1F-38DA-CCDC-505220575EB5" value="true"/>
</engineerTo>
<adequatelyNormalized>NO</adequatelyNormalized>
<expectedVolumes>0</expectedVolumes>
<fwdEngineeringStrategyName>Single Table</fwdEngineeringStrategyName>
<growthPercent>0</growthPercent>
<growthType>Year</growthType>
<maxVolumes>9999999</maxVolumes>
<minVolumes>0</minVolumes>
<normalForm>Third</normalForm>
<shortName>KRA</shortName>
<attributes itemClass="oracle.dbtools.crest.model.design.logical.Attribute">
<Attribute name="ID_kraj" id="B1B85CD2-9430-64AC-4B3F-3D121D9E4391">
<createdBy>jirco</createdBy>
<createdTime>2022-12-08 18:15:19 UTC</createdTime>
<ownerDesignName>MODEL 1</ownerDesignName>
<engineerTo>
<item key="B34DE783-BD1F-38DA-CCDC-505220575EB5" value="true"/>
</engineerTo>
<useDomainConstraints>false</useDomainConstraints>
<use>1</use>
<logicalDatatype>LOGDT019</logicalDatatype>
<ownDataTypeParameters>,,</ownDataTypeParameters>
</Attribute>
<Attribute name="nazev_kraje" id="29232E1C-58FA-99B3-C37E-172FB1709A6D">
<createdBy>jirco</createdBy>
<createdTime>2022-12-08 18:15:29 UTC</createdTime>
<ownerDesignName>MODEL 1</ownerDesignName>
<engineerTo>
<item key="B34DE783-BD1F-38DA-CCDC-505220575EB5" value="true"/>
</engineerTo>
<useDomainConstraints>false</useDomainConstraints>
<use>1</use>
<logicalDatatype>LOGDT024</logicalDatatype>
<dataTypeSize>255</dataTypeSize>
<ownDataTypeParameters>255,,</ownDataTypeParameters>
</Attribute>
<Attribute name="krajske_mesto" id="F9BA201F-737A-0A72-DD4A-7144F3FA1DC7">
<createdBy>jirco</createdBy>
<createdTime>2022-12-08 18:15:55 UTC</createdTime>
<ownerDesignName>MODEL 1</ownerDesignName>
<engineerTo>
<item key="B34DE783-BD1F-38DA-CCDC-505220575EB5" value="true"/>
</engineerTo>
<useDomainConstraints>false</useDomainConstraints>
<use>1</use>
<logicalDatatype>LOGDT024</logicalDatatype>
<dataTypeSize>255</dataTypeSize>
<ownDataTypeParameters>255,,</ownDataTypeParameters>
</Attribute>
</attributes>
<identifiers itemClass="oracle.dbtools.crest.model.design.logical.CandidateKey">
<identifier id="117F9664-9687-E71A-CA34-470BC104EE09" name="KRAJ PK">
<createdBy>jirco</createdBy>
<createdTime>2022-12-08 18:15:27 UTC</createdTime>
<ownerDesignName>MODEL 1</ownerDesignName>
<engineerTo>
<item key="B34DE783-BD1F-38DA-CCDC-505220575EB5" value="true"/>
</engineerTo>
<pk>true</pk>
<usedAttributes>
<attributeRef>B1B85CD2-9430-64AC-4B3F-3D121D9E4391</attributeRef>
</usedAttributes>
</identifier>
</identifiers>
</Entity>