<?xml version = '1.0' encoding = 'UTF-8'?>
<Entity class="oracle.dbtools.crest.model.design.logical.Entity" directorySegmentName="seg_0" id="54FB56C9-8023-2CCD-EE43-6ACF2FF19E1A" name="POHLEDAVKA">
<createdBy>jirco</createdBy>
<createdTime>2022-11-07 13:25:58 UTC</createdTime>
<ownerDesignName>MODEL 1</ownerDesignName>
<engineerTo>
<item key="B34DE783-BD1F-38DA-CCDC-505220575EB5" value="true"/>
</engineerTo>
<adequatelyNormalized>NO</adequatelyNormalized>
<expectedVolumes>0</expectedVolumes>
<fwdEngineeringStrategyName>Single Table</fwdEngineeringStrategyName>
<growthPercent>0</growthPercent>
<growthType>Year</growthType>
<hierarchicalParent>D8F6D40F-9C1A-F1A7-F741-E23BAC97EAB5</hierarchicalParent>
<maxVolumes>9999999</maxVolumes>
<minVolumes>0</minVolumes>
<normalForm>Third</normalForm>
<shortName>POH</shortName>
<attributes itemClass="oracle.dbtools.crest.model.design.logical.Attribute">
<Attribute name="ID_pohledavka" id="8D659252-2A4B-E60C-7CA1-1F8236724DA9">
<createdBy>jirco</createdBy>
<createdTime>2022-11-20 00:49:40 UTC</createdTime>
<ownerDesignName>MODEL 1</ownerDesignName>
<engineerTo>
<item key="B34DE783-BD1F-38DA-CCDC-505220575EB5" value="true"/>
</engineerTo>
<useDomainConstraints>false</useDomainConstraints>
<use>1</use>
<logicalDatatype>LOGDT019</logicalDatatype>
<ownDataTypeParameters>,,</ownDataTypeParameters>
</Attribute>
<Attribute name="popis" id="2EA8F5E6-0B60-86CD-22BD-4C729A0DAC4F">
<createdBy>jirco</createdBy>
<createdTime>2022-11-20 00:50:39 UTC</createdTime>
<ownerDesignName>MODEL 1</ownerDesignName>
<engineerTo>
<item key="B34DE783-BD1F-38DA-CCDC-505220575EB5" value="true"/>
</engineerTo>
<nullsAllowed>true</nullsAllowed>
<useDomainConstraints>false</useDomainConstraints>
<use>1</use>
<logicalDatatype>LOGDT024</logicalDatatype>
<dataTypeSize>255</dataTypeSize>
<ownDataTypeParameters>255,,</ownDataTypeParameters>
</Attribute>
</attributes>
<identifiers itemClass="oracle.dbtools.crest.model.design.logical.CandidateKey">
<identifier id="29F727F0-4C9C-1AE4-9BFE-35B1A9ECDCB0" name="POHLEDAVKA PK">
<createdBy>jirco</createdBy>
<createdTime>2022-11-20 00:49:47 UTC</createdTime>
<ownerDesignName>MODEL 1</ownerDesignName>
<engineerTo>
<item key="B34DE783-BD1F-38DA-CCDC-505220575EB5" value="true"/>
</engineerTo>
<pk>true</pk>
<usedAttributes>
<attributeRef>8D659252-2A4B-E60C-7CA1-1F8236724DA9</attributeRef>
</usedAttributes>
</identifier>
</identifiers>
</Entity>