<?xml version = '1.0' encoding = 'UTF-8'?>
<Entity class="oracle.dbtools.crest.model.design.logical.Entity" directorySegmentName="seg_0" id="610005B3-D32D-869B-CFB5-8F7BDE255B55" name="PRIPOJISTENI">
<createdBy>jirco</createdBy>
<createdTime>2022-11-16 15:27:08 UTC</createdTime>
<ownerDesignName>MODEL 1</ownerDesignName>
<engineerTo>
<item key="B34DE783-BD1F-38DA-CCDC-505220575EB5" value="true"/>
</engineerTo>
<adequatelyNormalized>NO</adequatelyNormalized>
<expectedVolumes>0</expectedVolumes>
<fwdEngineeringStrategyName>Single Table</fwdEngineeringStrategyName>
<growthPercent>0</growthPercent>
<growthType>Year</growthType>
<hierarchicalParent>94092531-3BB0-69C3-1C1C-7021D8391F46</hierarchicalParent>
<maxVolumes>9999999</maxVolumes>
<minVolumes>0</minVolumes>
<normalForm>Third</normalForm>
<shortName>PRI</shortName>
<attributes itemClass="oracle.dbtools.crest.model.design.logical.Attribute">
<Attribute name="ID_pripojisteni" id="9963BCD4-A567-943C-3AA7-81FAA4583A6F">
<createdBy>jirco</createdBy>
<createdTime>2022-11-21 11:18:21 UTC</createdTime>
<ownerDesignName>MODEL 1</ownerDesignName>
<engineerTo>
<item key="B34DE783-BD1F-38DA-CCDC-505220575EB5" value="true"/>
</engineerTo>
<useDomainConstraints>false</useDomainConstraints>
<use>1</use>
<logicalDatatype>LOGDT019</logicalDatatype>
<ownDataTypeParameters>,,</ownDataTypeParameters>
</Attribute>
<Attribute name="druh" id="C291785A-4C05-2F71-7BE3-343229E08A93">
<createdBy>jirco</createdBy>
<createdTime>2022-12-08 17:34:07 UTC</createdTime>
<ownerDesignName>MODEL 1</ownerDesignName>
<engineerTo>
<item key="B34DE783-BD1F-38DA-CCDC-505220575EB5" value="true"/>
</engineerTo>
<nullsAllowed>true</nullsAllowed>
<useDomainConstraints>false</useDomainConstraints>
<use>1</use>
<logicalDatatype>LOGDT024</logicalDatatype>
<dataTypeSize>255</dataTypeSize>
<ownDataTypeParameters>255,,</ownDataTypeParameters>
</Attribute>
<Attribute name="plati_pouze_ve_statech" id="B780C4F1-F5F4-9194-38E2-E85F2A0B8875">
<createdBy>jirco</createdBy>
<createdTime>2022-12-08 18:26:49 UTC</createdTime>
<ownerDesignName>MODEL 1</ownerDesignName>
<engineerTo>
<item key="B34DE783-BD1F-38DA-CCDC-505220575EB5" value="true"/>
</engineerTo>
<nullsAllowed>true</nullsAllowed>
<useDomainConstraints>false</useDomainConstraints>
<use>1</use>
<logicalDatatype>LOGDT024</logicalDatatype>
<dataTypeSize>255</dataTypeSize>
<ownDataTypeParameters>255,,</ownDataTypeParameters>
</Attribute>
<Attribute name="cena_pripojisteni" id="127D60A1-9583-B46A-25F2-97AA2DB10E48">
<createdBy>jirco</createdBy>
<createdTime>2022-12-08 19:56:01 UTC</createdTime>
<ownerDesignName>MODEL 1</ownerDesignName>
<engineerTo>
<item key="B34DE783-BD1F-38DA-CCDC-505220575EB5" value="true"/>
</engineerTo>
<useDomainConstraints>false</useDomainConstraints>
<use>1</use>
<logicalDatatype>LOGDT024</logicalDatatype>
<dataTypeSize>MAX</dataTypeSize>
<ownDataTypeParameters>MAX,,</ownDataTypeParameters>
</Attribute>
</attributes>
<identifiers itemClass="oracle.dbtools.crest.model.design.logical.CandidateKey">
<identifier id="8739EF94-8B07-6C59-6140-C4F1C02AD462" name="PRIPOJISTENI PK">
<createdBy>jirco</createdBy>
<createdTime>2022-11-21 11:18:36 UTC</createdTime>
<ownerDesignName>MODEL 1</ownerDesignName>
<engineerTo>
<item key="B34DE783-BD1F-38DA-CCDC-505220575EB5" value="true"/>
</engineerTo>
<pk>true</pk>
<usedAttributes>
<attributeRef>9963BCD4-A567-943C-3AA7-81FAA4583A6F</attributeRef>
</usedAttributes>
</identifier>
</identifiers>
</Entity>