<?xml version = '1.0' encoding = 'UTF-8'?>
<Entity class="oracle.dbtools.crest.model.design.logical.Entity" directorySegmentName="seg_0" id="94092531-3BB0-69C3-1C1C-7021D8391F46" name="POJISTKA">
<createdBy>jirco</createdBy>
<createdTime>2022-11-28 07:25:43 UTC</createdTime>
<ownerDesignName>MODEL 1</ownerDesignName>
<engineerTo>
<item key="B34DE783-BD1F-38DA-CCDC-505220575EB5" value="true"/>
</engineerTo>
<adequatelyNormalized>NO</adequatelyNormalized>
<expectedVolumes>0</expectedVolumes>
<fwdEngineeringStrategyName>Single Table</fwdEngineeringStrategyName>
<growthPercent>0</growthPercent>
<growthType>Year</growthType>
<maxVolumes>9999999</maxVolumes>
<minVolumes>0</minVolumes>
<normalForm>Third</normalForm>
<shortName>POJ</shortName>
<attributes itemClass="oracle.dbtools.crest.model.design.logical.Attribute">
<Attribute name="ID_pojisteni" id="0026C4EB-17B7-633B-89CD-280DBDD545F2">
<createdBy>jirco</createdBy>
<createdTime>2022-11-28 07:25:43 UTC</createdTime>
<ownerDesignName>MODEL 1</ownerDesignName>
<engineerTo>
<item key="B34DE783-BD1F-38DA-CCDC-505220575EB5" value="true"/>
</engineerTo>
<useDomainConstraints>false</useDomainConstraints>
<use>1</use>
<logicalDatatype>LOGDT019</logicalDatatype>
<ownDataTypeParameters>,,</ownDataTypeParameters>
</Attribute>
<Attribute name="datum_sjednani" id="270424FA-0138-EFD5-C132-74CEB712699E">
<createdBy>jirco</createdBy>
<createdTime>2022-11-28 07:25:43 UTC</createdTime>
<ownerDesignName>MODEL 1</ownerDesignName>
<engineerTo>
<item key="B34DE783-BD1F-38DA-CCDC-505220575EB5" value="true"/>
</engineerTo>
<useDomainConstraints>false</useDomainConstraints>
<use>1</use>
<logicalDatatype>LOGDT007</logicalDatatype>
<ownDataTypeParameters>,,</ownDataTypeParameters>
</Attribute>
<Attribute name="poznamka" id="5E219505-C0DE-CE1D-94D0-F06138C3C33B">
<createdBy>jirco</createdBy>
<createdTime>2022-11-28 07:25:43 UTC</createdTime>
<ownerDesignName>MODEL 1</ownerDesignName>
<engineerTo>
<item key="B34DE783-BD1F-38DA-CCDC-505220575EB5" value="true"/>
</engineerTo>
<nullsAllowed>true</nullsAllowed>
<useDomainConstraints>false</useDomainConstraints>
<use>1</use>
<logicalDatatype>LOGDT024</logicalDatatype>
<dataTypeSize>255</dataTypeSize>
<ownDataTypeParameters>255,,</ownDataTypeParameters>
</Attribute>
<Attribute name="pojisteno_do_hodnoty" id="E53FFD79-E8E1-4570-383F-BD979D0F9F42">
<createdBy>jirco</createdBy>
<createdTime>2022-11-28 07:46:52 UTC</createdTime>
<ownerDesignName>MODEL 1</ownerDesignName>
<engineerTo>
<item key="B34DE783-BD1F-38DA-CCDC-505220575EB5" value="true"/>
</engineerTo>
<nullsAllowed>true</nullsAllowed>
<useDomainConstraints>false</useDomainConstraints>
<use>1</use>
<logicalDatatype>LOGDT024</logicalDatatype>
<dataTypeSize>MAX</dataTypeSize>
<ownDataTypeParameters>MAX,,</ownDataTypeParameters>
</Attribute>
<Attribute name="cena_mesicne" id="3C7AFD8F-F090-2986-9121-60369960F88B">
<createdBy>jirco</createdBy>
<createdTime>2022-12-08 19:58:29 UTC</createdTime>
<ownerDesignName>MODEL 1</ownerDesignName>
<engineerTo>
<item key="B34DE783-BD1F-38DA-CCDC-505220575EB5" value="true"/>
</engineerTo>
<nullsAllowed>true</nullsAllowed>
<useDomainConstraints>false</useDomainConstraints>
<use>1</use>
<logicalDatatype>LOGDT024</logicalDatatype>
<dataTypeSize>MAX</dataTypeSize>
<ownDataTypeParameters>MAX,,</ownDataTypeParameters>
</Attribute>
<Attribute name="ID_povinosti" id="0B38E05B-B5A1-6BC8-A4B8-37D2523ACDB6">
<createdBy>jirco</createdBy>
<createdTime>2022-11-28 07:48:02 UTC</createdTime>
<generatorID>3624E5B7-E247-5523-5B31-08BA98A0AEFB</generatorID>
<ownerDesignName>MODEL 1</ownerDesignName>
<engineerTo>
<item key="B34DE783-BD1F-38DA-CCDC-505220575EB5" value="true"/>
</engineerTo>
<referedAttribute>CE77FBDC-4961-F72F-6882-1C9B521C9122</referedAttribute>
<useDomainConstraints>false</useDomainConstraints>
<use>1</use>
<logicalDatatype>LOGDT019</logicalDatatype>
<ownDataTypeParameters>,,</ownDataTypeParameters>
</Attribute>
</attributes>
<identifiers itemClass="oracle.dbtools.crest.model.design.logical.CandidateKey">
<identifier id="476C49FB-EA8A-207B-67C1-17207C3A77FC" name="POJISTKA PK">
<createdBy>jirco</createdBy>
<createdTime>2022-11-28 07:25:43 UTC</createdTime>
<ownerDesignName>MODEL 1</ownerDesignName>
<engineerTo>
<item key="B34DE783-BD1F-38DA-CCDC-505220575EB5" value="true"/>
</engineerTo>
<pk>true</pk>
<usedAttributes>
<attributeRef>0026C4EB-17B7-633B-89CD-280DBDD545F2</attributeRef>
</usedAttributes>
</identifier>
</identifiers>
</Entity>