<?xml version = '1.0' encoding = 'UTF-8'?>
<Entity class="oracle.dbtools.crest.model.design.logical.Entity" directorySegmentName="seg_0" id="9F411339-8E3F-833D-AB1D-0F8AC4D719F4" name="ZAMESTNANEC">
<createdBy>jirco</createdBy>
<createdTime>2022-11-07 13:34:56 UTC</createdTime>
<ownerDesignName>MODEL 1</ownerDesignName>
<engineerTo>
<item key="B34DE783-BD1F-38DA-CCDC-505220575EB5" value="true"/>
</engineerTo>
<adequatelyNormalized>NO</adequatelyNormalized>
<expectedVolumes>0</expectedVolumes>
<fwdEngineeringStrategyName>Single Table</fwdEngineeringStrategyName>
<growthPercent>0</growthPercent>
<growthType>Year</growthType>
<maxVolumes>9999999</maxVolumes>
<minVolumes>0</minVolumes>
<normalForm>Third</normalForm>
<shortName>ZAM</shortName>
<attributes itemClass="oracle.dbtools.crest.model.design.logical.Attribute">
<Attribute name="ID_zam" id="91B5CA57-6C4E-A120-5B75-4C56A02253E5">
<createdBy>jirco</createdBy>
<createdTime>2022-11-19 23:39:44 UTC</createdTime>
<ownerDesignName>MODEL 1</ownerDesignName>
<engineerTo>
<item key="B34DE783-BD1F-38DA-CCDC-505220575EB5" value="true"/>
</engineerTo>
<useDomainConstraints>false</useDomainConstraints>
<use>1</use>
<logicalDatatype>LOGDT019</logicalDatatype>
<ownDataTypeParameters>,,</ownDataTypeParameters>
</Attribute>
<Attribute name="jmeno" id="808FD59E-AFA2-9525-EB44-ED499B83FD27">
<createdBy>jirco</createdBy>
<createdTime>2022-11-19 23:39:59 UTC</createdTime>
<ownerDesignName>MODEL 1</ownerDesignName>
<engineerTo>
<item key="B34DE783-BD1F-38DA-CCDC-505220575EB5" value="true"/>
</engineerTo>
<useDomainConstraints>false</useDomainConstraints>
<use>1</use>
<logicalDatatype>LOGDT024</logicalDatatype>
<dataTypeSize>32</dataTypeSize>
<ownDataTypeParameters>32,,</ownDataTypeParameters>
</Attribute>
<Attribute name="druhe_jmeno" id="D023EA50-5BBF-9079-EAC8-8746181A2996">
<createdBy>jirco</createdBy>
<createdTime>2022-11-28 07:52:49 UTC</createdTime>
<ownerDesignName>MODEL 1</ownerDesignName>
<engineerTo>
<item key="B34DE783-BD1F-38DA-CCDC-505220575EB5" value="true"/>
</engineerTo>
<nullsAllowed>true</nullsAllowed>
<useDomainConstraints>false</useDomainConstraints>
<use>1</use>
<logicalDatatype>LOGDT024</logicalDatatype>
<dataTypeSize>32</dataTypeSize>
<ownDataTypeParameters>32,,</ownDataTypeParameters>
</Attribute>
<Attribute name="prijmeni" id="F0EEAA48-2B59-6068-BB2B-CCA9534A89C0">
<createdBy>jirco</createdBy>
<createdTime>2022-11-19 23:40:49 UTC</createdTime>
<ownerDesignName>MODEL 1</ownerDesignName>
<engineerTo>
<item key="B34DE783-BD1F-38DA-CCDC-505220575EB5" value="true"/>
</engineerTo>
<useDomainConstraints>false</useDomainConstraints>
<use>1</use>
<logicalDatatype>LOGDT024</logicalDatatype>
<dataTypeSize>32</dataTypeSize>
<ownDataTypeParameters>32,,</ownDataTypeParameters>
</Attribute>
<Attribute name="ID_adresa" id="DBEC7D66-2150-216D-8BB4-9B829BB64EC8">
<createdBy>jirco</createdBy>
<createdTime>2022-11-28 07:21:38 UTC</createdTime>
<generatorID>C0A8E9B7-FF83-9877-0C64-AE93EABAD649</generatorID>
<ownerDesignName>MODEL 1</ownerDesignName>
<engineerTo>
<item key="B34DE783-BD1F-38DA-CCDC-505220575EB5" value="true"/>
</engineerTo>
<nullsAllowed>true</nullsAllowed>
<referedAttribute>E33D78F7-DB6A-B806-8B72-80A32CD9029F</referedAttribute>
<useDomainConstraints>false</useDomainConstraints>
<use>1</use>
<logicalDatatype>LOGDT019</logicalDatatype>
<ownDataTypeParameters>,,</ownDataTypeParameters>
</Attribute>
<Attribute name="ID_pozice" id="9BE8D8A2-53F8-A319-19B3-0903AB8651F0">
<createdBy>jirco</createdBy>
<createdTime>2022-11-28 08:05:54 UTC</createdTime>
<generatorID>2AEE501C-9647-89C6-67B5-24A395C17635</generatorID>
<ownerDesignName>MODEL 1</ownerDesignName>
<engineerTo>
<item key="B34DE783-BD1F-38DA-CCDC-505220575EB5" value="true"/>
</engineerTo>
<referedAttribute>F4736F59-0C94-C3D1-AB63-33F724FFA95D</referedAttribute>
<useDomainConstraints>false</useDomainConstraints>
<use>1</use>
<logicalDatatype>LOGDT019</logicalDatatype>
<ownDataTypeParameters>,,</ownDataTypeParameters>
</Attribute>
<Attribute name="ID_kontakt" id="A3BF5ADF-4164-5F87-2CFC-F43A349B227E">
<createdBy>jirco</createdBy>
<createdTime>2022-11-28 08:11:43 UTC</createdTime>
<generatorID>3E221B13-2BE1-5CE4-9B23-56EF7E438D10</generatorID>
<ownerDesignName>MODEL 1</ownerDesignName>
<engineerTo>
<item key="B34DE783-BD1F-38DA-CCDC-505220575EB5" value="true"/>
</engineerTo>
<nullsAllowed>true</nullsAllowed>
<referedAttribute>2326A124-C855-6665-A3FC-F5A35E1CC4E7</referedAttribute>
<useDomainConstraints>false</useDomainConstraints>
<use>1</use>
<logicalDatatype>LOGDT019</logicalDatatype>
<ownDataTypeParameters>,,</ownDataTypeParameters>
</Attribute>
</attributes>
<identifiers itemClass="oracle.dbtools.crest.model.design.logical.CandidateKey">
<identifier id="2DEBAE4F-99AD-95E0-02DC-23C16028C3E6" name="ZAMESTNANEC PK">
<createdBy>jirco</createdBy>
<createdTime>2022-11-19 23:39:57 UTC</createdTime>
<ownerDesignName>MODEL 1</ownerDesignName>
<engineerTo>
<item key="B34DE783-BD1F-38DA-CCDC-505220575EB5" value="true"/>
</engineerTo>
<pk>true</pk>
<usedAttributes>
<attributeRef>91B5CA57-6C4E-A120-5B75-4C56A02253E5</attributeRef>
</usedAttributes>
</identifier>
</identifiers>
</Entity>