<?xml version = '1.0' encoding = 'UTF-8'?>
<Entity class="oracle.dbtools.crest.model.design.logical.Entity" directorySegmentName="seg_0" id="C30846EF-712C-C6EE-F97B-8E612B02AE65" name="BANKA">
<createdBy>jirco</createdBy>
<createdTime>2022-11-07 13:17:16 UTC</createdTime>
<ownerDesignName>MODEL 1</ownerDesignName>
<engineerTo>
<item key="B34DE783-BD1F-38DA-CCDC-505220575EB5" value="true"/>
</engineerTo>
<adequatelyNormalized>NO</adequatelyNormalized>
<expectedVolumes>0</expectedVolumes>
<fwdEngineeringStrategyName>Single Table</fwdEngineeringStrategyName>
<growthPercent>0</growthPercent>
<growthType>Year</growthType>
<maxVolumes>9999999</maxVolumes>
<minVolumes>0</minVolumes>
<normalForm>Third</normalForm>
<shortName>BNK</shortName>
<attributes itemClass="oracle.dbtools.crest.model.design.logical.Attribute">
<Attribute name="ID_banka" id="8A9887F5-2351-6A53-4F0C-B3747FA3F517">
<createdBy>jirco</createdBy>
<createdTime>2022-11-20 00:46:35 UTC</createdTime>
<ownerDesignName>MODEL 1</ownerDesignName>
<engineerTo>
<item key="B34DE783-BD1F-38DA-CCDC-505220575EB5" value="true"/>
</engineerTo>
<useDomainConstraints>false</useDomainConstraints>
<use>1</use>
<logicalDatatype>LOGDT019</logicalDatatype>
<ownDataTypeParameters>,,</ownDataTypeParameters>
</Attribute>
<Attribute name="nazev" id="3159036D-E5C7-6C46-557F-5F376578CC5C">
<createdBy>jirco</createdBy>
<createdTime>2022-11-20 00:46:51 UTC</createdTime>
<ownerDesignName>MODEL 1</ownerDesignName>
<engineerTo>
<item key="B34DE783-BD1F-38DA-CCDC-505220575EB5" value="true"/>
</engineerTo>
<useDomainConstraints>false</useDomainConstraints>
<use>1</use>
<logicalDatatype>LOGDT024</logicalDatatype>
<dataTypeSize>32</dataTypeSize>
<ownDataTypeParameters>32,,</ownDataTypeParameters>
</Attribute>
<Attribute name="telefon" id="EA2ACE0F-E705-7700-F331-4E3658D1DD4C">
<createdBy>jirco</createdBy>
<createdTime>2022-11-20 00:47:07 UTC</createdTime>
<ownerDesignName>MODEL 1</ownerDesignName>
<engineerTo>
<item key="B34DE783-BD1F-38DA-CCDC-505220575EB5" value="true"/>
</engineerTo>
<nullsAllowed>true</nullsAllowed>
<useDomainConstraints>false</useDomainConstraints>
<use>1</use>
<logicalDatatype>LOGDT025</logicalDatatype>
<dataTypeSize>9</dataTypeSize>
<ownDataTypeParameters>9,,</ownDataTypeParameters>
</Attribute>
<Attribute name="ID_adresa" id="6298B1C1-BEB6-4DF5-CA30-80134BC4B3F7">
<createdBy>jirco</createdBy>
<createdTime>2022-11-21 11:01:01 UTC</createdTime>
<generatorID>C4F5DBBC-EE8F-62AE-5678-E37A71084898</generatorID>
<ownerDesignName>MODEL 1</ownerDesignName>
<engineerTo>
<item key="B34DE783-BD1F-38DA-CCDC-505220575EB5" value="true"/>
</engineerTo>
<referedAttribute>E33D78F7-DB6A-B806-8B72-80A32CD9029F</referedAttribute>
<useDomainConstraints>false</useDomainConstraints>
<use>1</use>
<logicalDatatype>LOGDT019</logicalDatatype>
<ownDataTypeParameters>,,</ownDataTypeParameters>
</Attribute>
<Attribute name="ID_kontakt" id="3A4C598F-FB0E-E128-9C42-792E2EC62CFC">
<createdBy>jirco</createdBy>
<createdTime>2022-11-28 08:11:20 UTC</createdTime>
<generatorID>EBD1D455-7B0A-84DF-A20A-2F501CFAB18F</generatorID>
<ownerDesignName>MODEL 1</ownerDesignName>
<engineerTo>
<item key="B34DE783-BD1F-38DA-CCDC-505220575EB5" value="true"/>
</engineerTo>
<nullsAllowed>true</nullsAllowed>
<referedAttribute>2326A124-C855-6665-A3FC-F5A35E1CC4E7</referedAttribute>
<useDomainConstraints>false</useDomainConstraints>
<use>1</use>
<logicalDatatype>LOGDT019</logicalDatatype>
<ownDataTypeParameters>,,</ownDataTypeParameters>
</Attribute>
<Attribute name="ID_klient" id="E704831A-937C-96C8-69C8-FE2FEEA05CE7">
<createdBy>jirco</createdBy>
<createdTime>2022-11-28 08:12:16 UTC</createdTime>
<generatorID>BBCC88C6-C94B-75F5-783D-490A7F70213E</generatorID>
<ownerDesignName>MODEL 1</ownerDesignName>
<engineerTo>
<item key="B34DE783-BD1F-38DA-CCDC-505220575EB5" value="true"/>
</engineerTo>
<nullsAllowed>true</nullsAllowed>
<referedAttribute>47DB746A-892E-DF1B-B43F-8A3DA903DB54</referedAttribute>
<useDomainConstraints>false</useDomainConstraints>
<use>1</use>
<logicalDatatype>LOGDT019</logicalDatatype>
<ownDataTypeParameters>,,</ownDataTypeParameters>
</Attribute>
</attributes>
<identifiers itemClass="oracle.dbtools.crest.model.design.logical.CandidateKey">
<identifier id="DB6F0DC7-55FB-37C1-4C45-0A92E62490D2" name="BANKA PK">
<createdBy>jirco</createdBy>
<createdTime>2022-11-20 00:46:48 UTC</createdTime>
<ownerDesignName>MODEL 1</ownerDesignName>
<engineerTo>
<item key="B34DE783-BD1F-38DA-CCDC-505220575EB5" value="true"/>
</engineerTo>
<pk>true</pk>
<usedAttributes>
<attributeRef>8A9887F5-2351-6A53-4F0C-B3747FA3F517</attributeRef>
</usedAttributes>
</identifier>
</identifiers>
</Entity>