<?xml version = '1.0' encoding = 'UTF-8'?>
<Entity class="oracle.dbtools.crest.model.design.logical.Entity" directorySegmentName="seg_0" id="F0EBD30A-939F-71D3-9D21-C3BC6787B4F3" name="MAJETKOVE_POJISTENI">
<createdBy>jirco</createdBy>
<createdTime>2022-11-21 10:39:25 UTC</createdTime>
<ownerDesignName>MODEL 1</ownerDesignName>
<engineerTo>
<item key="B34DE783-BD1F-38DA-CCDC-505220575EB5" value="true"/>
</engineerTo>
<adequatelyNormalized>NO</adequatelyNormalized>
<expectedVolumes>0</expectedVolumes>
<fwdEngineeringStrategyName>Single Table</fwdEngineeringStrategyName>
<growthPercent>0</growthPercent>
<growthType>Year</growthType>
<hierarchicalParent>94092531-3BB0-69C3-1C1C-7021D8391F46</hierarchicalParent>
<maxVolumes>9999999</maxVolumes>
<minVolumes>0</minVolumes>
<normalForm>Third</normalForm>
<shortName>MAJ</shortName>
<attributes itemClass="oracle.dbtools.crest.model.design.logical.Attribute">
<Attribute name="ID_majetek" id="537D4ACA-9F89-6E83-BC88-99FBFCF7DA87">
<createdBy>jirco</createdBy>
<createdTime>2022-11-21 10:39:25 UTC</createdTime>
<ownerDesignName>MODEL 1</ownerDesignName>
<engineerTo>
<item key="B34DE783-BD1F-38DA-CCDC-505220575EB5" value="true"/>
</engineerTo>
<useDomainConstraints>false</useDomainConstraints>
<use>1</use>
<logicalDatatype>LOGDT019</logicalDatatype>
<ownDataTypeParameters>,,</ownDataTypeParameters>
</Attribute>
<Attribute name="popis" id="BC15BEE4-7B62-7646-D60D-D9A45C43A8EB">
<createdBy>jirco</createdBy>
<createdTime>2022-11-21 10:39:25 UTC</createdTime>
<ownerDesignName>MODEL 1</ownerDesignName>
<engineerTo>
<item key="B34DE783-BD1F-38DA-CCDC-505220575EB5" value="true"/>
</engineerTo>
<useDomainConstraints>false</useDomainConstraints>
<use>1</use>
<logicalDatatype>LOGDT024</logicalDatatype>
<dataTypeSize>255</dataTypeSize>
<ownDataTypeParameters>255,,</ownDataTypeParameters>
</Attribute>
<Attribute name="vyrobeno_v_roce" id="21B7CB59-250F-9B7D-A8E6-C331BA84F244">
<createdBy>jirco</createdBy>
<createdTime>2022-12-08 18:10:17 UTC</createdTime>
<ownerDesignName>MODEL 1</ownerDesignName>
<engineerTo>
<item key="B34DE783-BD1F-38DA-CCDC-505220575EB5" value="true"/>
</engineerTo>
<nullsAllowed>true</nullsAllowed>
<useDomainConstraints>false</useDomainConstraints>
<use>1</use>
<logicalDatatype>LOGDT007</logicalDatatype>
<ownDataTypeParameters>,,</ownDataTypeParameters>
</Attribute>
<Attribute name="ID_kategorie_majetku" id="AA895C2F-383B-40BB-50FD-AD66013577EE">
<createdBy>jirco</createdBy>
<createdTime>2022-12-08 18:13:40 UTC</createdTime>
<generatorID>9016EB4D-6B36-5EC4-6583-FFD3D1C771C9</generatorID>
<ownerDesignName>MODEL 1</ownerDesignName>
<engineerTo>
<item key="B34DE783-BD1F-38DA-CCDC-505220575EB5" value="true"/>
</engineerTo>
<nullsAllowed>true</nullsAllowed>
<referedAttribute>805CD2D6-1151-02CF-D91C-58554D4E21CC</referedAttribute>
<useDomainConstraints>false</useDomainConstraints>
<use>1</use>
<logicalDatatype>LOGDT019</logicalDatatype>
<ownDataTypeParameters>,,</ownDataTypeParameters>
</Attribute>
</attributes>
<identifiers itemClass="oracle.dbtools.crest.model.design.logical.CandidateKey">
<identifier id="0E3946EE-18AB-8F5C-4B3B-9580E6CE4947" name="MAJETEK PK">
<createdBy>jirco</createdBy>
<createdTime>2022-11-21 10:39:25 UTC</createdTime>
<ownerDesignName>MODEL 1</ownerDesignName>
<engineerTo>
<item key="B34DE783-BD1F-38DA-CCDC-505220575EB5" value="true"/>
</engineerTo>
<pk>true</pk>
<usedAttributes>
<attributeRef>537D4ACA-9F89-6E83-BC88-99FBFCF7DA87</attributeRef>
</usedAttributes>
</identifier>
</identifiers>
</Entity>