<?xml version = '1.0' encoding = 'UTF-8'?>
<Diagram class="oracle.dbtools.crest.swingui.logical.DPVLogical" name="Logical" id="DC4F4A8E-C03C-5471-6115-422C82E4C707">
<createdBy>jirco</createdBy>
<modifiedBy>jirco</modifiedBy>
<createdTime>2022-11-07 13:14:48 UTC</createdTime>
<autoRoute>false</autoRoute>
<boxInbox>true</boxInbox>
<showLegend>false</showLegend>
<showLabels>true</showLabels>
<showRelAttributes>false</showRelAttributes>
<gridEnabled>false</gridEnabled>
<showGrid>false</showGrid>
<diagramColor>-1</diagramColor>
<display>false</display>
<notation>1</notation>
<objectViews>
<OView class="oracle.dbtools.crest.swingui.logical.TVEntity" oid="0D34DAC4-F510-6BF7-CDD2-6693ECFF0644" otype="Entity" vid="0A08D982-2AC5-ACF8-7D58-E8E7E5E3C647">
<hideElementsInCurrentOnly>false</hideElementsInCurrentOnly>
<bounds x="1222" y="969" width="115" height="87"/>
</OView>
<OView class="oracle.dbtools.crest.swingui.logical.TVEntity" oid="44700ADC-1AD0-42EA-EEA1-B7559FC51890" otype="Entity" vid="4CA8AFB2-8A10-7D54-072C-0280DC8EAB6B">
<hideElementsInCurrentOnly>false</hideElementsInCurrentOnly>
<bounds x="1003" y="812" width="170" height="116"/>
</OView>
<OView class="oracle.dbtools.crest.swingui.logical.TVEntity" oid="53A8B0AC-E852-AB8B-4131-928D712DA93A" otype="Entity" vid="7BE9C503-DAB1-BC2C-FFD1-415E1F5EAC7C">
<hideElementsInCurrentOnly>false</hideElementsInCurrentOnly>
<bounds x="87" y="628" width="106" height="61"/>
</OView>
<OView class="oracle.dbtools.crest.swingui.logical.TVEntity" oid="54FB56C9-8023-2CCD-EE43-6ACF2FF19E1A" otype="Entity" vid="950662BA-B3EC-A2AF-DF05-98352D4B6A07">
<hideElementsInCurrentOnly>false</hideElementsInCurrentOnly>
<bounds x="85" y="697" width="108" height="65"/>
</OView>
<OView class="oracle.dbtools.crest.swingui.logical.TVEntity" oid="610005B3-D32D-869B-CFB5-8F7BDE255B55" otype="Entity" vid="57F0CA82-174F-2CE3-0E8A-63312F85AED7">
<hideElementsInCurrentOnly>false</hideElementsInCurrentOnly>
<bounds x="489" y="502" width="129" height="79"/>
</OView>
<OView class="oracle.dbtools.crest.swingui.TVNote" oid="6178F368-B8A2-49CF-2A4F-DD49D58E22B1" otype="Note" vid="0A962744-F531-DCA0-5573-9C32CCDB584C">
<hideElementsInCurrentOnly>false</hideElementsInCurrentOnly>
<bounds x="1236" y="386" width="193" height="163"/>
<comment>INFORMAČNÍ SYSTÉM POJIŠŤOVNY.


Databáze bude minimálně evidovat pojistky, klienty, pobočky, pojistná plnění, pohledávky a závazky.

Celkový počet tabulek: 11</comment>
</OView>
<OView class="oracle.dbtools.crest.swingui.logical.TVEntity" oid="7187D506-B6E2-14E0-3E3D-D2EB19226EB0" otype="Entity" vid="F334C882-AC63-B236-B385-3248C926AED2">
<hideElementsInCurrentOnly>false</hideElementsInCurrentOnly>
<bounds x="856" y="616" width="170" height="116"/>
</OView>
<OView class="oracle.dbtools.crest.swingui.logical.TVEntity" oid="821C3B9B-BA5E-2BC3-4FEC-04EE90B3EFAA" otype="Entity" vid="25345165-69FF-419C-E5AE-0B8946B363F7">
<hideElementsInCurrentOnly>false</hideElementsInCurrentOnly>
<bounds x="282" y="919" width="170" height="115"/>
</OView>
<OView class="oracle.dbtools.crest.swingui.logical.TVEntity" oid="8A8D47A9-DD04-A5BF-8F02-2B0E4892BE1A" otype="Entity" vid="C38D9566-B6DB-12C8-B5AD-3A3A9065A51C">
<hideElementsInCurrentOnly>false</hideElementsInCurrentOnly>
<bounds x="717" y="966" width="170" height="114"/>
</OView>
<OView class="oracle.dbtools.crest.swingui.logical.TVEntity" oid="9067F175-9AE3-32E4-44A6-998733BD7DE9" otype="Entity" vid="29ED2C18-0078-68EC-B5AD-9B9EBC601659">
<hideElementsInCurrentOnly>false</hideElementsInCurrentOnly>
<bounds x="1135" y="628" width="368" height="77"/>
</OView>
<OView class="oracle.dbtools.crest.swingui.logical.TVEntity" oid="94092531-3BB0-69C3-1C1C-7021D8391F46" otype="Entity" vid="11244F2E-1342-A2F2-A3DF-3861A411AA1B">
<hideElementsInCurrentOnly>false</hideElementsInCurrentOnly>
<bounds x="395" y="381" width="314" height="321"/>
</OView>
<OView class="oracle.dbtools.crest.swingui.logical.TVEntity" oid="9F411339-8E3F-833D-AB1D-0F8AC4D719F4" otype="Entity" vid="F4483414-2F1D-1342-1789-475EC0509088">
<hideElementsInCurrentOnly>false</hideElementsInCurrentOnly>
<bounds x="514" y="790" width="170" height="115"/>
</OView>
<OView class="oracle.dbtools.crest.swingui.logical.TVEntity" oid="BDF24BC1-A161-8CE4-3889-5C56A8D20EF9" otype="Entity" vid="73C5A840-5113-3BAD-1696-E66C99A70858">
<hideElementsInCurrentOnly>false</hideElementsInCurrentOnly>
<bounds x="764" y="468" width="151" height="75"/>
</OView>
<OView class="oracle.dbtools.crest.swingui.logical.TVEntity" oid="C30846EF-712C-C6EE-F97B-8E612B02AE65" otype="Entity" vid="AD67D7AB-ECA6-8919-91F0-B5247C1B8669">
<hideElementsInCurrentOnly>false</hideElementsInCurrentOnly>
<bounds x="1260" y="807" width="170" height="114"/>
</OView>
<OView class="oracle.dbtools.crest.swingui.logical.TVEntity" oid="CAA886B7-EBD8-0350-55DF-BBE315D90CF1" otype="Entity" vid="61BD5D64-A159-E42F-0B52-BEFD643C367F">
<hideElementsInCurrentOnly>false</hideElementsInCurrentOnly>
<bounds x="399" y="594" width="149" height="98"/>
</OView>
<OView class="oracle.dbtools.crest.swingui.logical.TVEntity" oid="D8F6D40F-9C1A-F1A7-F741-E23BAC97EAB5" otype="Entity" vid="D5984C44-77D0-C6D1-A88B-54FF1642686D">
<hideElementsInCurrentOnly>false</hideElementsInCurrentOnly>
<bounds x="77" y="547" width="168" height="225"/>
</OView>
<OView class="oracle.dbtools.crest.swingui.TVNote" oid="EE6B059C-C806-56B3-BF4B-08625BD969EA" otype="Note" vid="C883DAD8-CF55-EF97-5D21-91304D02C992">
<hideElementsInCurrentOnly>false</hideElementsInCurrentOnly>
<bounds x="1503" y="1051" width="112" height="80"/>
<comment>st67053@upce.cz
UPCE FEI
@2022</comment>
</OView>
<OView class="oracle.dbtools.crest.swingui.logical.TVEntity" oid="F0EBD30A-939F-71D3-9D21-C3BC6787B4F3" otype="Entity" vid="5C43D8AE-3145-6CED-B3A6-86CB9259F374">
<hideElementsInCurrentOnly>false</hideElementsInCurrentOnly>
<bounds x="550" y="593" width="149" height="99"/>
</OView>
</objectViews>
<connectors>
<Connector class="oracle.dbtools.crest.swingui.logical.TVRelation" oid="0D7F8BE7-57A3-EE90-B86F-C9EC4705673A" otype="Relation" vid_source="11244F2E-1342-A2F2-A3DF-3861A411AA1B" vid_target="F334C882-AC63-B236-B385-3248C926AED2">
<hideElementsInCurrentOnly>false</hideElementsInCurrentOnly>
<backgroundColor>-16777216</backgroundColor>
<lineWidth>1</lineWidth>
<sourceLabel class="oracle.dbtools.crest.model.design.Label">
<site>0</site>
<labelBounds x="719" y="629" width="69" height="30"/>
<noBackgroundColor>true</noBackgroundColor>
<noForegroundColor>true</noForegroundColor>
</sourceLabel>
<targetLabel class="oracle.dbtools.crest.model.design.Label">
<site>2</site>
<labelBounds x="800" y="662" width="50" height="30"/>
<noBackgroundColor>true</noBackgroundColor>
<noForegroundColor>true</noForegroundColor>
</targetLabel>
<points>
<point x="709" y="659"/>
<point x="856" y="659"/>
</points>
</Connector>
<Connector class="oracle.dbtools.crest.swingui.logical.TVRelation" oid="2AEE501C-9647-89C6-67B5-24A395C17635" otype="Relation" vid_source="25345165-69FF-419C-E5AE-0B8946B363F7" vid_target="F4483414-2F1D-1342-1789-475EC0509088">
<hideElementsInCurrentOnly>false</hideElementsInCurrentOnly>
<backgroundColor>-16777216</backgroundColor>
<lineWidth>1</lineWidth>
<sourceLabel class="oracle.dbtools.crest.model.design.Label">
<site>0</site>
<labelBounds x="371" y="883" width="84" height="30"/>
<noBackgroundColor>true</noBackgroundColor>
<noForegroundColor>true</noForegroundColor>
</sourceLabel>
<targetLabel class="oracle.dbtools.crest.model.design.Label">
<site>2</site>
<labelBounds x="450" y="834" width="58" height="30"/>
<noBackgroundColor>true</noBackgroundColor>
<noForegroundColor>true</noForegroundColor>
</targetLabel>
<points>
<point x="371" y="919"/>
<point x="371" y="831"/>
<point x="514" y="831"/>
</points>
</Connector>
<Connector class="oracle.dbtools.crest.swingui.logical.TVRelation" oid="3624E5B7-E247-5523-5B31-08BA98A0AEFB" otype="Relation" vid_source="D5984C44-77D0-C6D1-A88B-54FF1642686D" vid_target="11244F2E-1342-A2F2-A3DF-3861A411AA1B">
<hideElementsInCurrentOnly>false</hideElementsInCurrentOnly>
<backgroundColor>-16777216</backgroundColor>
<lineWidth>1</lineWidth>
<sourceLabel class="oracle.dbtools.crest.model.design.Label">
<site>0</site>
<labelBounds x="255" y="594" width="43" height="30"/>
<noBackgroundColor>true</noBackgroundColor>
<noForegroundColor>true</noForegroundColor>
</sourceLabel>
<targetLabel class="oracle.dbtools.crest.model.design.Label">
<site>2</site>
<labelBounds x="359" y="627" width="30" height="35"/>
<noBackgroundColor>true</noBackgroundColor>
<noForegroundColor>true</noForegroundColor>
</targetLabel>
<points>
<point x="245" y="624"/>
<point x="395" y="624"/>
</points>
</Connector>
<Connector class="oracle.dbtools.crest.swingui.logical.TVInheritanceRelation" oid="38BB4309-5DEF-51BC-1552-C8FF35AFBBEF" otype="Hierarchy relation" vid_source="11244F2E-1342-A2F2-A3DF-3861A411AA1B" vid_target="5C43D8AE-3145-6CED-B3A6-86CB9259F374">
<hideElementsInCurrentOnly>false</hideElementsInCurrentOnly>
<backgroundColor>-65536</backgroundColor>
<lineWidth>1</lineWidth>
</Connector>
<Connector class="oracle.dbtools.crest.swingui.logical.TVInheritanceRelation" oid="3A447B73-BF0D-D3CF-9334-F9E737B9DB1C" otype="Hierarchy relation" vid_source="D5984C44-77D0-C6D1-A88B-54FF1642686D" vid_target="950662BA-B3EC-A2AF-DF05-98352D4B6A07">
<hideElementsInCurrentOnly>false</hideElementsInCurrentOnly>
<backgroundColor>-65536</backgroundColor>
<lineWidth>1</lineWidth>
</Connector>
<Connector class="oracle.dbtools.crest.swingui.logical.TVRelation" oid="3AEEDB86-0F51-7AD5-CE8B-2DF9DB84F7B6" otype="Relation" vid_source="C38D9566-B6DB-12C8-B5AD-3A3A9065A51C" vid_target="4CA8AFB2-8A10-7D54-072C-0280DC8EAB6B">
<hideElementsInCurrentOnly>false</hideElementsInCurrentOnly>
<backgroundColor>-16777216</backgroundColor>
<lineWidth>1</lineWidth>
<sourceLabel class="oracle.dbtools.crest.model.design.Label">
<site>0</site>
<labelBounds x="897" y="1008" width="81" height="30"/>
<noBackgroundColor>true</noBackgroundColor>
<noForegroundColor>true</noForegroundColor>
</sourceLabel>
<targetLabel class="oracle.dbtools.crest.model.design.Label">
<site>2</site>
<labelBounds x="1047" y="964" width="72" height="30"/>
<noBackgroundColor>true</noBackgroundColor>
<noForegroundColor>true</noForegroundColor>
</targetLabel>
<points>
<point x="887" y="1038"/>
<point x="1047" y="1038"/>
<point x="1047" y="928"/>
</points>
</Connector>
<Connector class="oracle.dbtools.crest.swingui.logical.TVRelation" oid="3C9AADC7-D4A1-609E-B3E1-76ADFC9A4ABC" otype="Relation" vid_source="F4483414-2F1D-1342-1789-475EC0509088" vid_target="C38D9566-B6DB-12C8-B5AD-3A3A9065A51C">
<hideElementsInCurrentOnly>false</hideElementsInCurrentOnly>
<backgroundColor>-16777216</backgroundColor>
<lineWidth>1</lineWidth>
<sourceLabel class="oracle.dbtools.crest.model.design.Label">
<site>0</site>
<labelBounds x="616" y="949" width="67" height="30"/>
<noBackgroundColor>true</noBackgroundColor>
<noForegroundColor>true</noForegroundColor>
</sourceLabel>
<targetLabel class="oracle.dbtools.crest.model.design.Label">
<site>2</site>
<labelBounds x="681" y="1041" width="30" height="30"/>
<noBackgroundColor>true</noBackgroundColor>
<noForegroundColor>true</noForegroundColor>
</targetLabel>
<points>
<point x="616" y="905"/>
<point x="616" y="1038"/>
<point x="717" y="1038"/>
</points>
</Connector>
<Connector class="oracle.dbtools.crest.swingui.logical.TVRelation" oid="3E221B13-2BE1-5CE4-9B23-56EF7E438D10" otype="Relation" vid_source="F4483414-2F1D-1342-1789-475EC0509088" vid_target="29ED2C18-0078-68EC-B5AD-9B9EBC601659">
<hideElementsInCurrentOnly>false</hideElementsInCurrentOnly>
<backgroundColor>-16777216</backgroundColor>
<lineWidth>1</lineWidth>
<sourceLabel class="oracle.dbtools.crest.model.design.Label">
<site>0</site>
<labelBounds x="561" y="957" width="30" height="30"/>
<noBackgroundColor>true</noBackgroundColor>
<noForegroundColor>true</noForegroundColor>
</sourceLabel>
<targetLabel class="oracle.dbtools.crest.model.design.Label">
<site>2</site>
<labelBounds x="1465" y="741" width="66" height="30"/>
<noBackgroundColor>true</noBackgroundColor>
<noForegroundColor>true</noForegroundColor>
</targetLabel>
<points>
<point x="561" y="905"/>
<point x="561" y="1099"/>
<point x="1465" y="1092"/>
<point x="1465" y="705"/>
</points>
</Connector>
<Connector class="oracle.dbtools.crest.swingui.logical.TVRelation" oid="4546F096-CB7C-D27A-D024-1E130CAB3F6C" otype="Relation" vid_source="F334C882-AC63-B236-B385-3248C926AED2" vid_target="29ED2C18-0078-68EC-B5AD-9B9EBC601659">
<hideElementsInCurrentOnly>false</hideElementsInCurrentOnly>
<backgroundColor>-16777216</backgroundColor>
<lineWidth>1</lineWidth>
<sourceLabel class="oracle.dbtools.crest.model.design.Label">
<site>0</site>
<labelBounds x="1036" y="636" width="30" height="30"/>
<noBackgroundColor>true</noBackgroundColor>
<noForegroundColor>true</noForegroundColor>
</sourceLabel>
<targetLabel class="oracle.dbtools.crest.model.design.Label">
<site>2</site>
<labelBounds x="1063" y="669" width="66" height="30"/>
<noBackgroundColor>true</noBackgroundColor>
<noForegroundColor>true</noForegroundColor>
</targetLabel>
<points>
<point x="1026" y="666"/>
<point x="1135" y="666"/>
</points>
</Connector>
<Connector class="oracle.dbtools.crest.swingui.logical.TVInheritanceRelation" oid="6220CA5C-4373-CFA7-22D6-AA54B6808A7B" otype="Hierarchy relation" vid_source="11244F2E-1342-A2F2-A3DF-3861A411AA1B" vid_target="57F0CA82-174F-2CE3-0E8A-63312F85AED7">
<hideElementsInCurrentOnly>false</hideElementsInCurrentOnly>
<backgroundColor>-65536</backgroundColor>
<lineWidth>1</lineWidth>
</Connector>
<Connector class="oracle.dbtools.crest.swingui.logical.TVRelation" oid="9016EB4D-6B36-5EC4-6583-FFD3D1C771C9" otype="Relation" vid_source="73C5A840-5113-3BAD-1696-E66C99A70858" vid_target="5C43D8AE-3145-6CED-B3A6-86CB9259F374">
<hideElementsInCurrentOnly>false</hideElementsInCurrentOnly>
<backgroundColor>-16777216</backgroundColor>
<lineWidth>1</lineWidth>
<sourceLabel class="oracle.dbtools.crest.model.design.Label">
<site>0</site>
<labelBounds x="830" y="579" width="24" height="30"/>
<noBackgroundColor>true</noBackgroundColor>
<noForegroundColor>true</noForegroundColor>
</sourceLabel>
<targetLabel class="oracle.dbtools.crest.model.design.Label">
<site>2</site>
<labelBounds x="709" y="628" width="30" height="30"/>
<noBackgroundColor>true</noBackgroundColor>
<noForegroundColor>true</noForegroundColor>
</targetLabel>
<points>
<point x="830" y="543"/>
<point x="830" y="625"/>
<point x="699" y="625"/>
</points>
</Connector>
<Connector class="oracle.dbtools.crest.swingui.logical.TVRelation" oid="AE8D8ECD-9EFA-2789-35F2-9114CE365F3C" otype="Relation" vid_source="4CA8AFB2-8A10-7D54-072C-0280DC8EAB6B" vid_target="F334C882-AC63-B236-B385-3248C926AED2">
<hideElementsInCurrentOnly>false</hideElementsInCurrentOnly>
<backgroundColor>-16777216</backgroundColor>
<lineWidth>1</lineWidth>
<sourceLabel class="oracle.dbtools.crest.model.design.Label">
<site>0</site>
<labelBounds x="959" y="830" width="38" height="30"/>
<noBackgroundColor>true</noBackgroundColor>
<noForegroundColor>true</noForegroundColor>
</sourceLabel>
<targetLabel class="oracle.dbtools.crest.model.design.Label">
<site>2</site>
<labelBounds x="931" y="784" width="72" height="30"/>
<noBackgroundColor>true</noBackgroundColor>
<noForegroundColor>true</noForegroundColor>
</targetLabel>
<points>
<point x="1003" y="860"/>
<point x="931" y="860"/>
<point x="931" y="732"/>
</points>
</Connector>
<Connector class="oracle.dbtools.crest.swingui.logical.TVRelation" oid="BBCC88C6-C94B-75F5-783D-490A7F70213E" otype="Relation" vid_source="F334C882-AC63-B236-B385-3248C926AED2" vid_target="AD67D7AB-ECA6-8919-91F0-B5247C1B8669">
<hideElementsInCurrentOnly>false</hideElementsInCurrentOnly>
<backgroundColor>-16777216</backgroundColor>
<lineWidth>1</lineWidth>
<sourceLabel class="oracle.dbtools.crest.model.design.Label">
<site>0</site>
<labelBounds x="970" y="792" width="45" height="30"/>
<noBackgroundColor>true</noBackgroundColor>
<noForegroundColor>true</noForegroundColor>
</sourceLabel>
<targetLabel class="oracle.dbtools.crest.model.design.Label">
<site>2</site>
<labelBounds x="1311" y="771" width="38" height="30"/>
<noBackgroundColor>true</noBackgroundColor>
<noForegroundColor>true</noForegroundColor>
</targetLabel>
<points>
<point x="970" y="732"/>
<point x="970" y="771"/>
<point x="1311" y="771"/>
<point x="1311" y="807"/>
</points>
</Connector>
<Connector class="oracle.dbtools.crest.swingui.logical.TVRelation" oid="C0A8E9B7-FF83-9877-0C64-AE93EABAD649" otype="Relation" vid_source="F4483414-2F1D-1342-1789-475EC0509088" vid_target="4CA8AFB2-8A10-7D54-072C-0280DC8EAB6B">
<hideElementsInCurrentOnly>false</hideElementsInCurrentOnly>
<backgroundColor>-16777216</backgroundColor>
<lineWidth>1</lineWidth>
<sourceLabel class="oracle.dbtools.crest.model.design.Label">
<site>0</site>
<labelBounds x="694" y="851" width="34" height="28"/>
<noBackgroundColor>true</noBackgroundColor>
<noForegroundColor>true</noForegroundColor>
</sourceLabel>
<targetLabel class="oracle.dbtools.crest.model.design.Label">
<site>2</site>
<labelBounds x="925" y="882" width="72" height="30"/>
<noBackgroundColor>true</noBackgroundColor>
<noForegroundColor>true</noForegroundColor>
</targetLabel>
<points>
<point x="684" y="879"/>
<point x="842" y="879"/>
<point x="1003" y="879"/>
</points>
</Connector>
<Connector class="oracle.dbtools.crest.swingui.logical.TVRelation" oid="C4F5DBBC-EE8F-62AE-5678-E37A71084898" otype="Relation" vid_source="4CA8AFB2-8A10-7D54-072C-0280DC8EAB6B" vid_target="AD67D7AB-ECA6-8919-91F0-B5247C1B8669">
<hideElementsInCurrentOnly>false</hideElementsInCurrentOnly>
<backgroundColor>-16777216</backgroundColor>
<lineWidth>1</lineWidth>
<sourceLabel class="oracle.dbtools.crest.model.design.Label">
<site>0</site>
<labelBounds x="1183" y="836" width="72" height="30"/>
<noBackgroundColor>true</noBackgroundColor>
<noForegroundColor>true</noForegroundColor>
</sourceLabel>
<targetLabel class="oracle.dbtools.crest.model.design.Label">
<site>2</site>
<labelBounds x="1173" y="869" width="81" height="30"/>
<noBackgroundColor>true</noBackgroundColor>
<noForegroundColor>true</noForegroundColor>
</targetLabel>
<points>
<point x="1173" y="866"/>
<point x="1260" y="866"/>
</points>
</Connector>
<Connector class="oracle.dbtools.crest.swingui.logical.TVRelation" oid="D405EAFA-2B8E-E0A5-7876-4BF1B122E0D2" otype="Relation" vid_source="4CA8AFB2-8A10-7D54-072C-0280DC8EAB6B" vid_target="0A08D982-2AC5-ACF8-7D58-E8E7E5E3C647">
<hideElementsInCurrentOnly>false</hideElementsInCurrentOnly>
<backgroundColor>-16777216</backgroundColor>
<lineWidth>1</lineWidth>
<sourceLabel class="oracle.dbtools.crest.model.design.Label">
<site>0</site>
<labelBounds x="1119" y="996" width="24" height="30"/>
<noBackgroundColor>true</noBackgroundColor>
<noForegroundColor>true</noForegroundColor>
</sourceLabel>
<targetLabel class="oracle.dbtools.crest.model.design.Label">
<site>2</site>
<labelBounds x="1186" y="1039" width="30" height="30"/>
<noBackgroundColor>true</noBackgroundColor>
<noForegroundColor>true</noForegroundColor>
</targetLabel>
<points>
<point x="1119" y="928"/>
<point x="1119" y="1036"/>
<point x="1222" y="1036"/>
</points>
</Connector>
<Connector class="oracle.dbtools.crest.swingui.logical.TVRelation" oid="D5A3277F-BCC6-4605-C6C7-FAD9BA0EAB6B" otype="Relation" vid_source="F4483414-2F1D-1342-1789-475EC0509088" vid_target="11244F2E-1342-A2F2-A3DF-3861A411AA1B">
<hideElementsInCurrentOnly>false</hideElementsInCurrentOnly>
<backgroundColor>-16777216</backgroundColor>
<lineWidth>1</lineWidth>
<sourceLabel class="oracle.dbtools.crest.model.design.Label">
<site>0</site>
<labelBounds x="599" y="722" width="46" height="30"/>
<noBackgroundColor>true</noBackgroundColor>
<noForegroundColor>true</noForegroundColor>
</sourceLabel>
<targetLabel class="oracle.dbtools.crest.model.design.Label">
<site>2</site>
<labelBounds x="599" y="754" width="72" height="31"/>
<noBackgroundColor>true</noBackgroundColor>
<noForegroundColor>true</noForegroundColor>
</targetLabel>
<points>
<point x="599" y="790"/>
<point x="599" y="702"/>
</points>
</Connector>
<Connector class="oracle.dbtools.crest.swingui.logical.TVRelation" oid="EBD1D455-7B0A-84DF-A20A-2F501CFAB18F" otype="Relation" vid_source="29ED2C18-0078-68EC-B5AD-9B9EBC601659" vid_target="AD67D7AB-ECA6-8919-91F0-B5247C1B8669">
<hideElementsInCurrentOnly>false</hideElementsInCurrentOnly>
<backgroundColor>-16777216</backgroundColor>
<lineWidth>1</lineWidth>
<sourceLabel class="oracle.dbtools.crest.model.design.Label">
<site>0</site>
<labelBounds x="1345" y="757" width="30" height="30"/>
<noBackgroundColor>true</noBackgroundColor>
<noForegroundColor>true</noForegroundColor>
</sourceLabel>
<targetLabel class="oracle.dbtools.crest.model.design.Label">
<site>2</site>
<labelBounds x="1345" y="725" width="32" height="60"/>
<noBackgroundColor>true</noBackgroundColor>
<noForegroundColor>true</noForegroundColor>
</targetLabel>
<points>
<point x="1345" y="705"/>
<point x="1345" y="807"/>
</points>
</Connector>
<Connector class="oracle.dbtools.crest.swingui.logical.TVInheritanceRelation" oid="EF1CD262-77AE-9A08-EFAD-9105DBA39589" otype="Hierarchy relation" vid_source="D5984C44-77D0-C6D1-A88B-54FF1642686D" vid_target="7BE9C503-DAB1-BC2C-FFD1-415E1F5EAC7C">
<hideElementsInCurrentOnly>false</hideElementsInCurrentOnly>
<backgroundColor>-65536</backgroundColor>
<lineWidth>1</lineWidth>
</Connector>
<Connector class="oracle.dbtools.crest.swingui.logical.TVInheritanceRelation" oid="F72F2506-3E1E-24C9-BDC4-1E6CD1D190AE" otype="Hierarchy relation" vid_source="11244F2E-1342-A2F2-A3DF-3861A411AA1B" vid_target="61BD5D64-A159-E42F-0B52-BEFD643C367F">
<hideElementsInCurrentOnly>false</hideElementsInCurrentOnly>
<backgroundColor>-65536</backgroundColor>
<lineWidth>1</lineWidth>
</Connector>
</connectors>
</Diagram>